"1", "DNM 3.57", "S rūḍhaṁ, T jhāḍā for jhāḍaṁ. S latādigamana for gahanam"
"2", "Sk gōpī (?)", "MT gōṁpī; S gōṁpi for gōppī"
"3", "DNM 8.18 [sapattiā]", "MS saṁpatiā"
"4", "DNM 2.95 [gōṭhī]", "K gōṁḍi%; S gōṭṭi"
"5", "", "? K ṇaḍi; S gōṁḍi"
"6", "DNM 2.95", "KS gōṁji"
"7", "DNM 1.144", "BKT ēkkaggaṁ; M ēkaṁga"
"8", "DNM 1.169 [ōharisaṁ candanagharṣaṇaśilā]", "BT ōhassaṁ"
"9", "DNM 6.102", "K bhaisari, MS maṁsirī"
"10", "DNM 1.64 [āṇūvō ?]", "S ādōrō"
"11", "DNM 6.140", "MS mōrataō, T mōrītaō"
"12", "DNM 6.140", "BK mārō"
"13", "DNM 6.38", "BKM paṇāaō; T pāṇaaō"
"14", "DNM 1.110 [ullaraya]", "BKM dullaraa. BT kapardē for kapardaiḥ"
"15", "DNM 8.44", ""
"16", "DNM 8.44", ""
"17", "DNM 7.31 [vaṭṭā]", "2 K chaṭā carma; M chaṁṭō marma; S chaḍhō varma; T paṭṭō vartma"
"18", "DNM 6.106 [bhuttūṇō, bhōttūṇō]", "B chōḍaṇō; M bhōṭuṇa, S bhaṭuṇō, T bhōggaraṇō. KM bhr̥takaṁ; T bhūtakaḥ"
"19", "DNM 2.93 [gēṁhua]", "M mōṁḍa, S gōda, T gēṁḍa. Bp KMS vāsōgrathirapari kucayōḥ for stanayō...pranthi "
"20", "DNM 6.104 [bhāvaiā dhārmikagr̥hiṇī]", "M bhāraī, T; gaēī; T2 gavāī"
"21", "?", "K dukkhitē; MS duḥkhitē; T ukkhittē kapā"
"22", "DNM 6.29", "T parihārō"
"23", "", "? T paṭhama"
"24", "DNM 2.89 [gōā]", "T gōpā"
"25", "DNM 6.32 [paḍiēkliō ?]", "T paḍipaḍḍirō"
"26", "DNM 2.87", "T gadhavisāō. BM grānthikā; K gandhikaḥ for gāndhikaḥ"
"27", "DNM 1.157 [ōhuraṁ ?]", "KS ōkhia, T ōsiaṁ"
"28", "DNM 1.12", ""
"29", "DNM 2.17", "S karailli"
"30",  "","B kējhaō. Bp vapajhaō; M va...pajjhaō"
"31", "DNM 5.55", "BKMS upparialaṁ"
"32", "DNM 7.65 [vēlūṇā-vēlaṇayaṁ iti kēcit]", "B vēḍūṇā; T vēḍuṇi"
"33", "DNM 6.74 [picchilī]", "B om. the word and wrongly gives picchila: as the meaning of vēḍūṇī; M picchalaṁ; T vicchilaṁ"
"34", "DNM 7.65", "Bom. and wrongly reads panthāḥ, K baṁdhā; M paṁthā; T vidhā"
"35", "?", "B rāsārōvahō; T sirōvahā"
"36", "?", "KMS siṇi"
"37", "DNM 7.65 [vēlūṇā as under 32 above]", "T vēḍūrā"
"38", "DNM 6.141 [maṁtakkha]", "B matattakharaṁ, KM mataṁtakharaṁ, S matatakharaṁ"
"39", "?", "M kōṇāa; T kōṇṇāya. B mānaḥ; KM māna for mlānam"
"40", "DNM 2.70 [khadaggī]", "S khadaji; T khamayaggi"
"41", "DNM 1.141 [ūsāaṁtō]", "BK dukkhāatō; MS dukkhāata"
"42", "DNM 1 120 [uttāṇapattaya]", "T uttāṇavattī"
"43", "DNM 3.7 [cauracidhō]", "B cauraiḍō; M cauraiḍhō"
"44", "DNM 8.66", ""
"45", "from paulai pacati; DNM 6.29", "T cauliaṁ"
"46", "?", "M pāḍā; S māḍhā, T amiaṁ"
"47", "DNM 2.79 [kharaḍiaṁ rūkṣam]", "T khauraaṁ"
"48", "DNM 6.91 [bahurāṇā]", ""
"49", "DNM 6.89", "B bappōṭṭēṇa; KS pappōṇa; T bappōṭṭēḍa"
"50", "DNM 2.77 [khavō, khanvō vāmakara]", "S khaddaṇṇō"
"51",  "DNM 2.66", "S khaḍaṁ; T kaḍḍō"
"52", "DNM 6.95 [bēḍḍā]", ""
"53", "DNM 6.95", "B vōharaṁ; M vōṁdara, T vōraṁ"
"54", "DNM 1.103 [uitaṇaṁ]", "M uitaṇaṁ; T ōattaṇa"
"55", "DNM 8.11 [sayarāha]", "M saṁharāha"
"56", "DNM 2.70", "T khallarī"
"57", "DNM 2.70", "B khilliriā; M khilirīā; T vallarīā"
"58", "DNM 7.2", "BK rajjī; M raṁjī; S raji, T raḍḍī"
"59", "DNM 7.29", "B vaddhaaṁ; M aṁdhaśra, T vaḍa"
"60", "DNM 2.88", ""
"61", "DNM 5.12 [tigicchī]", "M nimakī; T tigicchi"
"62", "DNM 5.12 [tigiā]", "T tōḍiā"
"63", "DNM 5.19", "T taḍha"
"64", "DNM 6.42 [pāuggiō]", "M pāduṁgō; T pāiggō"
"65", "DNM 5.12 [puṭikā tiviḍā sūcīti kēcit]", "M tiviī"
"66", "DNM 6.14", ""
"67",  "DNM 2.43", ""
"68", "DNM 2.104 [gēḍ]", "M gōṁḍa; T gēḍḍī"
"69", "DNM 3.11 [cikkhallō]", "MS cikkhilaṁ, T cikkhillī"
"70", "DNM 2.2 [kaccharō]", "BK kañcarō; M kaṁcaraṁ, T kaccharī"
"71", "DNM 6.119 [mahēḍḍō]", "B mahiḍa; T mahēppī"
"72", "DNM 6.89", "B balāha; KM balaha, T bahulī"
"73", "DNM 7.9 [rēṇī]", "T rēō"
"74", "DNM 6.7", ""
"75", "DNM 4.15 [ḍhaṁḍhariō]", "B uḍḍhariā; T ḍhaḍḍharīāT"
"76", "DNM 4.16 [ḍhaṁḍhō]", "B ḍaḍḍhāḥ M daḍā, T ḍhaḍḍhā"
"77", "DNM 5.48", "KM kardamaparyāya. for kardama ityarthaḥ"
"78", "DNM 3.36 [chivaō]", "BK vicchiō,M vichiō"
"79", "DNM 3.39", "T chōō"
"80", "DNM 6.15 [paggējjō]", "M pagējjhō"
"81", "DNM 7.32 [vicchaḍḍōṁ]", "B vijjhaḍā; M viṁjhaḍō; T vicusō vadhaḥ (?) samūha ityarthaḥ"
"82", "DNM 4.33 = B ṇiaḍī snānam; DNM 4.26 = ṇiaḍī (Sk nikr̥tiḥ)", "KS niasthi; M niaī"
"83", "DNM 4.45", "BK naḍḍariā; MS naṁḍuriā; T nēssurīā"
"84", "DNM 2.77 [khōṭī]", "BK sōḍḍī; M sōṁḍī; T khōḍḍha"
"85", "DNM 5.11 [tālapphalī]", "BK tāṇaphalī, T tālapālī"
"86", "DNM 3.30 [chichaṭaramaṇaṁ]", "B cicchiṇaramaṇaṁ, M ciṁchiṇaramaṇaṁ, T śiccharaṇamaṇī"
"87", "DNM 1.153 [ōlaṁkī channaramaṇa, naṁṣṭvā yatra śiśavaḥ krīḍanti]", "B ōlukkō; T ulukkī"
"88", "DNM 2.83 [gadīṇī]", "B haviṇa, T gadhīṇī"
"89", "?", "M pusala; T masulaṁ"
"90", "DNM 1.26 [avaaṇṇō]", "S avahaṇa"
"91", "DNM 8.12", "S sarāhavō"
"92", "DNM 2.32 [kikiṁḍī]", "K kikkaḍī; S kiṁkaḍī; T krikuḍī"
"93", "DNM 8.18 [sailabha]", "B sailatta; T siulīhī"
"94", "DNM 8.91", "BT saidaḍa; KM saidaṁḍa; S sairaḍaṁ"
"95", "DNM 1.164", "T ōdhā. dambhaḥ"
"96", "DNM 1.149 [ōggīō]", "S ōggiō; T ōjīhā"
"97", "DNM 8.53", "K siṇā"
"98", "DNM 4.38", ""
"99", "DNM 3.38", "M jhati. DNM chēdaḥ for strōtaḥ"
"100", "DNM 8.29 [siṁḍhā]", "M siṁṭā, T siṇṇā"
"101", "DNM 8.29 [siṁbāḍī 1]", "B sihiḍō, T savāḍō"
"102", "DNM 4.40", "KS diṇavaṁchaṇa; M divachaṇaṁ"
"103", "DNM 4.40", "KS ṇibanachaṇa, M ṇivaṁchaṇaṁ"
"104", "DNM 1.12", "B labaō"
"105", "?", "T saaḍā"
"106", "DNM 8.46 [saḍhā]", "B pralambakēśā, S pralabakēśa"
"107", "DNM 2.110 [ghugghucchagayaṁ]", "B ghagghavaga; M ghaghaṁdhaṇaṁ, T patthaṇa. M khēdavaḥ for khadaḥ"
"108", "DNM 3.7", "B baḍḍabaḍāā, KM vaḍḍavaḍāā S caṁḍavaḍāā; T cha।vaḍāā. Cf. baṭabaṭīta in Marathi."
"109", "DNM 5.7 [talapphalō]", "KMS talaphala, T tala cchala"
"110", "DNM 5.12 [tiriḍḍī]", "T tīriḍī. DNM uṣṇavāta for anuṣyō vāyuḥ"
"111", "DNM 7.74", "M vēṁpō; T vēpphā"
"112", "DNM 8.30 [siṁpua]", ""
"113", "DNM 2 33", "BK MS kilā"
"114", "DNM 2.33", "BKMS kulakulā (kukkulā')"
"115", "?", "B addharaṇā; M adharaṇā, T hatthattharaṇī"
"116", "DNM 7.50", "T bahudhāraṇī"
"117", "DNM 7.31", "M vaṁtī; T vī" 
"118", "", "Sk vr̥tiḥ. T vai"
"119", "", "Sk.T vēḍhā"
"120", "DNM 4.34 [ṇigghaṭō]", "S ṇigghaṁṭō, T ṇicaṭṭhō"
"121", "DNM 7.32", "KS pajjā, M paṁjā, T vajā"
"122", "DNM 6.1", "KS paṁjā; M vaṁjā, T vajjā"
"123", "DNM 3.53 [nirantaravr̥ṣṭi; or jhāḍī ?]", "KS jaḍī; T jāli. KS cālā"
"124", "?", ""
"125", "DNM 6.117 [mukkuḍī]", "T mukuḍī"
"126", "DNM 6.136 [mukkuruḍō or mugghuruḍō rāśi 1]", "B mucumuttō; KS mucumuhō;M mucumullō; T mukimuṁḍō. BK kūṭaḥ for jūṭaḥ"
"127", "DNM 4.41 [ṇikkhasariō]", "T ṇikasiraṁō"
"128", "DNM 3.55 [jhaṁṭaliā]", "BK jhaṭiliā; S jhaḍhaliā"
"129", "DNM 8.8 [saṁghōḍī]", "BK sukhōḍī"
"130", "DNM 8.30 [siliṁbō]", "BK silippō, T salimacō"
"131", "DNM 3.10", ""
"132", "DNM 3.22", "T om. cullō"
"133", "DNM 3 10", "BM jēḍō"
"134", "DNM 7.22", "BST likō"
"135", "DNM 4.8", "B jālaḥ, MS jālā"
"136", "DNM 8.59", "BKMS gahaṁ for haṇa"
"137", "DNM 7.67 [viḍḍirilī]", "B vihiriā. M viṭiriā; T vippiriā"
"138", "DNM 5.14", "T tuggī"
"139", "DNM 2.62 [kuhiṇī]", "S kahiṇa, T kr̥hīṇa"
"140", "DNM 7. 90", ""
"141", "DNM 7.94", ""
"142", "Sk?", "B duihaṇō; M duṭhaha .,T uccuhaṇō"
"143", "DNM 7.19 [laṁpikkhō]", "BKMS ammikō"
"144", "DNM 2.20 [kalamō]", ""
"145", "DNM 2.66 [kubhilō]", "BVI kubilō, T kuvilō"
"146", "DNM 4.49 [girakō]", "MS ṇirikō; T ṇirakō"
"147", "DNM 1.101 [ucchaṭṭō or ōcchaṭō]", "B vacchallō, M vaṁchalō; T ōccaḍḍō"
"148", "DNM 2.10", "Bp. vairī, K vaira for cōra "
"149", "DNM 1.10 [ahillō]", "B (ahallō); M. ahilī"
"150", "DNM 5.62", ".•T yaṇī"
"151", "DNM 3.45 [jakaasukaō]", ""
"152", "?", "MS jhāmarō; T jhāmurō"
"153", "DNM 6.55 [purupuriā]", "ST puḍarīā"
"154", "DNM 8.39", "B hadda, T hathaḥ"
"155", "?", "K piḍillikā; M piṁḍilikā; S paḍillikā; T paḍillirō"
"156", "DNM 8.7 [sabhullō]", "B sacullō, T sicillō"
"157", "DNM 3.51 [jōvvaṇavēa]", ""
"158", "DNM 3.51 [jōvvaṇaṇāraṁ]", "BT jōvvaṇiṇī"
"159", "DNM 3.51 [jōvvaṇōvayaṁ ?]", "B jōṇira. B jāraḥ for jarā"
"160", "DNM 6.36", "B ciḍiṇisaṇa, K piḍiṇiasaṇa"
"161", "DNM 6.21", "KMS paḍivēsā. Bp vikōpaḥ for vikṣēpaḥ"
"162", "DNM 6.19 [paḍikaō  pratikriyā]", "KS paḍikiā"
"163", "DNM 6.31 [paḍujuvaī]", "S paḍujja- aṇi;T vasujjayaṇī",
"164", "DNM 2.24", "After kuṇiā BT add kuviā; DNM does not record it"
"165", "DNM 2.24 [kucchilla]", "K kucchiṇṇi; S kudhiṇi"
"166", "DNM 2.24 [kaṭhadāṇārōṁ]", "B kaḍaḍiṇārō, K kaṭadiṇārō or kaladiṇārō, S kaḍuchiṇālō. B prativivara; K prativiparaṁ for vr̥tivivaram"
"167", "DNM 5.29 [thēvaria]", "K sujanmani for sutajanma ni"
"168", "DNM 1.35 [akkha- vāyā]", "M aṁkhavāā, T akkhapāā"
"169", "?", "B mikkhaṁ, M mēṁkha"
"170", "?", "MS pāhivāaḍā lavanā"
"171", "DNM 6.51", "BKMS piḍarai"
"172", "DNM 1.154", "B āralī, M āraṁlī"
"173", "DNM 6.61 [pōaḍō]", "M pōaṁgō; T vōaṁgō"
"174", "DNM 1.87 [ukkadī]", "M ukaṭi"
"175", "DNM 4.44 [licchī]", "BT ṇalacchiā,K ṇilacchiā,M ṇilaṁkiā"
"176", "DNM 4.11 [ḍōō] or DNM 4.11 [ḍughō dāhastaḥ]", "from Telugu ḍōkī. BM ḍōkō, T ḍōkkā. KM vanādērjalānayanayatra for nipānādē...ryantram"
"177", "DNM 2.28 [kāyadī]", "B kāaṁbī"
"178", "DNM 2.28 [kāṇā]", "M kāṇaḍī, T kāṇaṭṭī"
"179", "DNM 6.89 [bakkara]", "MS vaṁkarō, T vakkārō"
"180", "DNM 2.80", "B khāḍō; T khasō"
"181", "DNM 1.107 [utthali]", "M uṁchalavō, T ōtthalaō"
"182", "DNM 6.4 [pauḍhē]", "KMS vr̥duḍhaṁ"
"183", "?", "T mēlia"
"184", "", "B appada; S uppitthaṁ; T pautthaṁ"
"185", "?", "KMS thajō (1); T thēṭō"
"186", "DNM 1.109", "B uluhattō"
"187", "DNM 4.13 [ḍhakō]", "B ḍakō, T ḍhakō"
"188", "DNM 7.49 [vasabhuddhō]", "B vasutuṭṭō; T vasatuṭṭō"
"189", "DNM 6.94", "M buṁkaṇō, T pukaṇō"
"190", "DNM 6.112", ""
"191", "DNM 6.112", ""
"192", "DNM 3.4 [caṁcappara]", "M cacuparaṁ; T; vapupparī; T. capupparī"
"193", "DNM 3.14", "B reads muṣṭiḥ after tittī (200)"
"194", "DNM 6.79", "BKMS puttī"
"195", "DNM 1.56 [aliallī] or 1.24 [ariallī]", ""
"196", "?", "B cittī, M ciṁtī. Cf. cittā in Marathi."
"197", "DNM 3.1 [caḍō]", "B caṇaaṇā, Tcaṁḍaāṇā"
"198", "?", "KS laṁcī; T luppī"
"199", "DNM 2.86", "B gaṇasamā; KS gaṇa- savē"
"200", "DNM 5.11", "KST titi; M tatī"
"201", "DNM 4.9", "T vālī"
"202", "DNM 4.5", "B ṭhāṇā"
"203", "DNM 4.25 [ṇāmōka]", "MS ṇāmuṁka"
"204", "DNM 6.57", "S pēalaṁ"
"205", "?", "BT om. this word. M pējila"
"206", "DNM 2.8+", "T gabhaṇī"
"207", "DNM 2.84 [gaharī gr̥ghna .]", "KS gēharō (lō), M gēhērō"
"208", "?", "T muhuō"
"209", "DNM 7.19", "B baillō (DNM 6.91); T vāullō"
"210", "DNM 6.136 [mukkuruḍō]", "S mukkuruḍō; T muruturuḍō"
"211", "?", "A variant of 210 above"
"212", "DNM 2.109 [ghughuruḍō]", "M ghagharuḍō rāśi pakṣī"
"213", "DNM 1.66 [ālayaṇa]", "T āvasaṇī",
"214", "DNM 1.66 [ālayagaṁ]", ""
"215", "?", "M havasaṭō, T upasaggō"
"216", "DNM 1.104 [uvasēra ratiyōgya]", "M urasērā"
"217", "DNM 1.88 [uṇhiā]", ""
"218", "DNM 1.36 [avarijjō advitīya.]", "BM •om. the word"
"219", "DNM 1.25", "B om. the word. BT itti- riśa; K uttari# for uttarīyam"
"220", "DNM 2.20 [avarikō kṣaṇarahita niravasaraḥ]", "B aṇirika, S avaṇikka"
"221", "?", "B akṣaṇika"
"222", "?", "B om. the word"
"223", "DNM 5.50", "B dēvēlī"
"224", "DNM 1.26 [airipō]", "BT airivō, K airippā"
"225", "DNM 6.59 [pēḍaiō kagādivikrētā]", "BT baḍauō"
"226", "DNM 8 40", "B asadummaṇiā (sadummaṇiēti śīlāṅka)"
"227", "DNM 1.94", "KMS ummallō piṁḍa 2 surāpiṣṭa"
"228", "DNM 7.78 [vēṁḍhasurā kaluṣa' murā]", "BKMS piṁḍa"
"229", "DNM 35 [caḍiārō]", "T viḍiāsō"
"230", "DNM 6.128", "M mālu"
"231", "DNM 5.37", "S daraṁkarō, T darīkarō"
"232", "?", "B uvvalaṁ; M raṁvēla, T uppōllaṁ"
"233", "DNM 1.152 [ōsāō]", "M āmālō"
"234", "DNM 4.37 [ṇicchuḍō]", "B ṇiccaḍḍō, M kiṁciṁḍō, T ṇiccēḍō"
"235", "DNM 4.37", "T ṇighōrā"
"236", "DNM 1.71 [āraṁmiō]", "M ārāniō, T ārayaṁtiō"
"237", "DNM 7.21 [lāsayavihaō]", "B saavimhaō; KS sahavihaō; M sahavimhaō"
"238", "DNM 8.20 [siṁḍhō]", "KM siṁṭō; T siṭṭō"
"239", "DNM 1.65 [ālatthō]"," M āladhaō"
"240", "DNM 1.85", "M kūpādi- kārakaḥ for °khanakā"
"241", "DNM 1.140", "BK isārō"
"242", "DNM 1.120 [uvalabhattā or uvala bhaggā?]", "B uvalahatō; M uvalaḍḍatō, T uvalahatō"
"243", "DNM 8.65 [hilā or hilā]", "M hilā, T bhilā"
"244", "DNM 8.66", "KS kikā, M kikā (Cf. kiṁki dhavalaṁ in DNM 2.31.)"
"245", "DNM 1.114 [upphukiā]", "K upākaā, M upākā; T uppikiā"
"246", "DNM 8.69 [hiṁḍōla hiṁḍōlaya]", "B hiḍḍōlī; T hiḍōlī. DNM kṣētrē mr̥ganiṣēdharavaḥ, kṣētrarakṣaṇayantramiti kīcat"
"247", "DNM 1.61 [ālāsō]", "B āsalō"
"248", "DNM 1.11", "B aliṇēō, K allīṇō or alliyō; T ālīṇō"
"249", "DNM 1.63", "BK jarilō"
"250", "DNM 3.41 [javaṇaṁ]", ""
"251", "DNM 6.120", "T maraṁṭō"
"252", "DNM 2.31 [kilaṇā]", "B kiriṇī"
"253", "DNM 2.62 [kuhiṇī]", "T kuṇa"
"254", "DNM 8.6", "S sāhi"
"255", "DNM 6.39 [pāṇaddhī]", "B pāṇalī, T vāṇaṭhī"
"256", "Sk. T vattaṇī", ""
"257", "DNM 6.144", "S valayō"
"258", "DNM 1.151 [ōggālō]", "Cf. ōghaḷa in Marathi"
"259", "DNM 3.27", "B chinyōlī"
"260", "?", ""
"261",  "DNM 6.22 gr̥hapaścimāṅgaṇam"
"262", "DNM 8.48 [sarēvaō]", "B ṇarivāō"
"263", "DNM 8.48 [sarēvaō]", ""
"264", "DNM 2.15 [kaddamiō]", "S kuṭamiō, T kuṭṭimiō. Bp mūṣaka for mahiṣaḥ"
"265", "DNM 6.5", "T vahaṇī. DNM saṁmukhāgatanirōdhaḥ for °gatinirōdha"
"266", "DNM 2.44 [kēā rajjuḥ]", ""
"267", "DNM 5.11 [tittī sāram]", "B titī"
"268", "DNM 2.21", "S kilaṁ"
"269", "?", "S ukāsārō; T pukkāsarō"
"270", "DNM 6.103 [bhāua]", ""
"271", "DNM 6.110 [bhabhala]", "KS bhaṁgalaaṁ, T bhahaālaṁ"
"272", "DNM 2.38 [kutthuvattha]", "S kōthuhavatthaṁ"
"273", "DNM 2.38 [kōsala]", ""
"274", "?", ""
"275", "DNM 8.54 [sihaḍahillō]", "B chihaṭṭahillō; S chihallahillō; T chiga- ḍahillō"
"276", "DNM 1.73 [āaṁ dīrgham]", "BpT pūā"
"277", "DNM 6.101 [bhaṁḍaṇaṁ]", "S haṁḍava; T haḍava"
"278", "DNM 3.25", ""
"279", "DNM 2.13 [kahēḍō]", ""
"280", "DNM 6.85 [phēṇabaṁdhō]", "BK piṇavaḍō; M piṇavaḍhō; S pēṇavaḍō"
"281", "DNM 1.108", ""
"282", "DNM 2.68 [khaṭaṁga]", ""
"283", "DNM 3.49 [jōḍiō]", "B vōiō, M bōiō, T jōidhī. Bp vyādhiḥ for vyādhaḥ"
"284", "DNM 2.47 [kōlabō]", ""
"285", "DNM 7.63 [vikkhāsō]", "M vēkhāō; S vēbhāsō, T pēkkhāsō"
"286", "A variant of (285)", "BK tēkhāsaō; S tēkhāsavō"
"287", "DNM 8.2", ""
"288", "DNM 1.52", "KMS aralā"
"289", "DNM 8.2", "B saggā; K saggī, S saṁgi"
"290", "DNM 8.2", "B saḍī, S siṁḍi. B ulkā for valkā"
"291", "DNM 2.18", "BKS rāiṇī"
"292", "ṇippattaō ? ", ""
"293", "?", ""
"294", "DNM 2.21", "KS śakraḥ for śukaḥ"
"295", "DNM 4.25", ""
"296", "?", "KS viṁcuō, M viṁchuā. T vippuō"
"297", "DNM 2.5", "B kāha; S kaḍahaṁ"
"298", "DNM 6.10", "B vasaḍḍī, M vasaṁḍī; T vasadhi"
"299", "DNM 1.46", "B alumajjālō; M alumaṁjālō"
"300", "DNM 3.18 [cuṁcumālī]", "T cuccamāliō"
"301", "DNM 6.112 [maṭṭhō]", "BK maḍō"
"302", "DNM 8.55 [sīaṇa]", "M siasaa, S siaṇiaṁ, T dhiaṇaa"
"303", "DNM 2.6", "T kaḍi"
"304", "DNM 1.20, 53", "B apaḍaō; T avaḍi"
"305",  "Sk avaṭaḥ?" ,"T aḍhō"
"306", "DNM 6.39 [pāḍuccī]", "BK vāḍubbī, T pāḍuhahī"
"307", "DNM 6.101", "BK halukkī; MS haluṁkī;T halujaṁ. Cf. bhālū in Marathi"
"308", "DNM 2.74", "B kuvikkhiṇī; M kuvikhiṇī; T khikhaṇaṁ"
"309", "DNM 6.101 [bhuraṁḍiā]", "B curuḍḍī, M curuḍī; T husaṁ"
"310", "DNM 6.101 [masuā]", "T hasaā"
"311", "DNM 6.91 [bahurāvā]", "Ti puhunā, T. puhurā"
"312", "siālī ? Sk śr̥gālī", "B salarī; S salali; T salalī"
"313", "DNM 3.45", "B aī; KS āī"
"314", "?", "T mattakkharī"
"315", "DNM 6.113", "S duī; T mai"
"316", "DNM 8.4 [savisa]", "S sakhisaṁ; T saḷisaṁ"
"317", "DNM 6.35 [paccucchuhaṇī]", "B paccuṭṭāhaṇaṁ; K paccutthāhaṇaṁ; M paṁcuṁ- ṭhāhaṇaṁ, S paccucchāhaṇaṁ; T paccuccuhaṇaṁ"
"318", "DNM 6.20 [paḍitthirō]", "B paḍicchakō; M paḍichikō"
"319", "DNM 8.9 [sacchahōṁ]", "MS sachiō"
"320", "DNM 5.10", "MS tāratarō"
"321", "?", "KMS paḍaḍālā, T pōḍḍālī"
"322", "?", "KS ḍēḍavī, T gīḍuī"
"323", "DNM 6.58 [pēḍārō]", "B paḍārā, T pēḍārō"
"324", "DNM 6.58", "B pēḍḍalō, K piṁḍalō"
"325", "DNM 6.30", "K pasavadakaṁ, M pasavaḍaṁka, T pasarvakaṁ"
"326", "DNM 8.90 [bōlō]", "B jōllō; M jaॉlō"
"327", "DNM 8.64", "BT halibōlō"
"328", "DNM 7.15", ""
"329", "DNM 7.84 [vayalō]", "B sōalō; T paalō"
"330", "DNM 6.120 [malaharō]", "T mahalaharō"
"331", "DNM 6.142 [maṭṭalō]", "T mayaṁ"
"332", "DNM 8.64", "B hallibōlō"
"333", "DNM 1.146", "B ēkkapalillō, K ēkagurillā; M ēkagha- lillā; T ēkavarillō"
"334", "DNM 1.173 [ōsikkhia]", ""
"335", "DNM 2.72 [khaṁdhīdhārō]", "B khaḍḍīdhārā, T khaṁdhīdhārā"
"336", "DNM (paḍaṁsuā)", "S paḍasurā; T. cuḍaṁsuā, T2 puḍusuā"
"337", "DNM 6.10 [panthara r̥ju]", "M pathara; S paddhara, T paḍavaṁ"
"338", "DNM 7.34 [valiā]", ""
"339", "?", ""
"340", "DNM 6.40 [pāṇālī]", "B pāṇālō. M prāṇiyā for pāṇidvayā"
"341", "DNM 4.25", ""
"342", "DNM 6.69 [pañcalō asahana:]", "B patthatthō; S paṁḍhallō, T millō"
"343", "?", "T baliviō"
"344", "?", "B valaḍa- sarō. T valasarō"
"345", "DNM 6.50 [piṁjaruḍō]", "B vijjuraō, M vijuraō; T virahō, BS tēruḍa., K tarudaḥ, T hēruṁḍā"
"346", "DNM 4.27 [ṇihaṇa kulaṁ]", ""
"347", "DNM 1.56", "B allaallikā, T alaallī"
"348", "DNM 1.45 [aṇarāmaō]", ""
"349", "DNM 3.27", "B chivaaṁ; M bhiria, S chivila, 6.14. B paḍḍasugā"
"350", "DNM 1.28 [agalia]", "B agālia,M ajalina, T agalia"
"351", "DNM 1.19 [aṇōlaya]", "B aṇōlō"
"352", "DNM 1.44", "B avaṇiō; T abaaṇṇiō"
"353", "DNM 8.3 [saḍhaya]" ,"KT saḍaa"
"354", "DNM 2.43 [gaddaha]", "KT gaḍahō; S gaḍhahō"
"355", "DNM 8.1", "KST saphaṁ"
"356", "?", "MS gamarōṭa; T amarōṭṭa"
"357", "DNM 3.16 [cuppalō, cuṁbhalō śēkhara.]", "K chucupulaa, M chupulaa, S cuphulaa. cf cubhaḷa in Marathi"
"358", "DNM 6.56 [pēhuṇa]", "KS pihuṇā, T mihuṇē piṁcha"
"359", "DNM 1.37", "KMS aaṇiā"
"360", "DNM 1.37", "S aṁjaaṇasiā tabadha ('); T jaṇaṁsiā. M kapiyaṁ for tāpiccham"
"361", "DNM (karila 2) 2 10 or karailī) 2.17", "T rallī (DNM rallā priyagūḥ 7.1)"
"362", "DNM 4.15 [ḍhaḍhasiō]", ""
"363", "DNM 6.34 [paccabalōkō āsakta]", "K pavvaccalakō; MS pavaṁcalaṁkō; T pavvavakkō"
"364", "DNM 1.97 [uccatyō dr̥ḍhaḥ]", "M uṁcaṁtō; T uccattō"
"365", "DNM 2.98 [gōraṁphiḍa़ī]", "S gōrapaḍiā; T gōrappasiā"
"366", "DNM 7.4 [rapphaḍiā]", "T; duhasiā, T. raṁhasiā"
"367", "DNM 6.90 [bamhaṇī]", "B bamhaṇī, S bamhāhi"
"368", "DNM 3.26 [chāhī]", "1 gamanaṁ, T gahana for gaganam"
"369", "DNM 1.10 [aṇatta]", "T, aṇāstha, T2 anātta"
"370", "?", "M paṁdhaṇa; T patthaṇī"
"371", "DNM 2.16 [karayarī]", "M karasaḍī; T karaḍī"
"372", "DNM 1.42", "B aḍaḍārighōṁ; M aḍaudhikṣa, T aḍaaijūjhiōṁ"
"373", "DNM 4.19 [gajjharō]", "T ṇajjharī"
"374", "DNM 1.23 [aliāra]", ""
"375", "?", "B piuliṁ; T piuṇi"
"376", "DNM 2.23 [cuculi]", "B cucci- lia, M cucilia; T culiṭa"
"377", "DNM 2.18 [cuculipūrō]", "M cuṁciliārō; T cuculipūrō"
"378", "DNM 6.118 [mauradō]", "K mōrada, S mōraṁḍaṁ T mēramadaṁ"
"379", "", ""
"380", "DNM 1.62 [āvaṁgō]", "B āvagō; K avaggō, M avagō; T āpaṁgō"
"381", "DNM 6.3", "M pacura, T vappurī"
"382", "DNM 2.30", ""
"383", "DNM 3.35", "T ciillō"
"384", "DNM 3.47", "B jullō"
"385", "Sk. chēkaḥ", ""
"386", "DNM 8.37 [sulasa]", "BK sulōsō; T sulēsō"
"387", "DNM 1.27 [ahirīō]", ""
"388", "DNM 6.82 [phalahī]", ""
"389", "DNM 3.17", "KS culōḍaō, T cullōlaō"
"390", "DNM 5.32", "B tāō; T thēō"
"391", "DNM 8.56 [sujjhaōṁ]", "BKS sughaō; S sukhaō; Tsujjhuō"
"392", "DNM 1,74 [āaraṁ udūkhalam]", "T āarī"
"393", "DNM 2.56", "BT kaḍattaṁ"
"394", "DNM 1.32", ""
"395", "DNM 4.26", ""
"396", "DNM 6.110", "BK hitta, M hiṁva, S hiṁta; T bhitti"
"397", "DNM 1.105", "B pittaraṁ, KS hittaraṁ; M hiṁnaraṁ; T bhittarī"
"398", "DNM 6.23 [pakkaggahō]", "T vajjhahāō"
"399", "DNM 6.110 [bhaṁbhalō]", "B hahalaaṁ; KMT hahalaō; S hahahalavō"
"400", "DNM 3.41", "BKM jahalō; S jahahalō, 'T jihalō"
"401", "DNM 6.73", "S parihaḍō"
"402", "DNM 1.6", "S. akō"
"403", "?", ""
"404", "Sk kā rāmam; DNM 2.23 [kaṇṇavālaṁ]", "KS kaṇṇā । rāmaṁ 2, avataṁsaḥ; M hiṁkaṁ rārāma ; T kaṇṇāmāmī apatīsaḥ (1)"
"405", "DNM 8.12", "K sirivāō. T, kusāraḥ for āsāraḥ"
"406", "DNM 6.131", "T mātaliā"
"407", "DNM 8.38 [suviā]", "B suvijjā, T sukhiā"
"408", "DNM 8.44", ""
"409", "DNM 8.44 [sēāluōṁ]", ""
"410", "?", "S om. this word"
"411", "DNM 7.51 [vuivalaō]", "S om. this word"
"412", "DNM 8.34 [sīhalaya]", "KMS sihaiā;T sihahalaō"
"413", "DNM 8.58 [sōvaṇō]", ""
"414", "DNM 8.54 [siṁdurayaṁ]", "B tiduriā; KMS sidūriā; T sudarīā"
"415", "DNM 8.58", "BKS sōvaṇṇa"
"416", "DNM 1.34 [asagarya]", "B asaggaa; T asiggaaṁ"
"417", "DNM 1.106 [ucca9]", "B uccaḍaṁ; M uvaṁḍaṁ; T. uccuḍaṁ; T2 uccahūṁ"
"418", "?", "B uvaṇaṁ; K utthavaṇaṁ; M ḍaṁḍavaṇē; T utthavaṇī"
"419", "DNM 1.118 [umpigāliā karōtsaṁgaḥ]", "M upiṁgariā; T uppaggaliā"
"420", "?", "B bhaṁgōuṇaṁ; T sigōtthaṇaṁ. KMS praṇītaṁ for vraṇitam"
"421", "DNM 1.148 [ōppā]", "M upā. T mahyādērjina for maṇyādē'"
"422", "DNM 1.121 [ucculauliaṁ]", "M upulapōliaṁ; T uppilavēliaṁ"
"423", "DNM 1.57 [hara]", ""
"424", "DNM 8.16 [sattiaṇā]", "KMS saviḍḍāṇā; T sattipuṇṇā"
"425", "DNM 1.17 [= avajñā]", "K anilā"
"426", "DNM 8.71 [= vēgaḥ]", ""
"427", "DNM 1.101 [uvvēttāla]", "B uccattāla; S uccatālaṁ"
"428", "Sk apasaraḥ", "T avasiriō"
"429", "?", "KS uppā halaō (probably two words); T uppāhulaō"
"430", "DNM 6.128 [=jyōtsnā]", ""
"431", "DNM 7.65", "M piuṁpō;piṁḍapō"
"432", "Sk anapiśācaḥ", ""
"433", "Sk grahakallōla" ,""
"434", "DNM 1.122 [uttiriviḍī]", "BK ukkariviḍiaṁ; S ukkadiviḍia, T uttirīviḍia"
"435", "DNM 8.5", ""
"436", "DNM 7.71 [viralliaṁ]", ""
"437", "DNM 7.52", "BT paṇapakkasāvaō, M caṇapaṁkasāvaa"
"438", "DNM 7.90", "B picchēō, K vicchāō; S vicchōō"
"439", "Sk usrā", ""
"440", "DNM 7.18", "KS aṁsua"
"441", "DNM 7.88", "K piuttō, S viutō"
"442", "?", "KS dunviṇṇaraṁ, T uppiṇiraṁ"
"443", "DNM 5.57 [ghaṁgō 1]", "BT uṇhō; S dukkhō"
"444", "?", "BT dayagaḍō"
"445", "DNM 6.134", "S mahi"
"446", "DNM 1.62", ""
"447", "DNM 1.62 [āmōḍō ?]", "BKST āallō"
"448", "?", ""
"449", "DNM 7.57", "BK vālacaṁ; S jālacca; T valappa"
"450", "DNM 2.25", ""
"451", "DNM 4.16 [ḍhaḍharō]", "S ḍaḍḍuraṁ; T ḍhaṁḍharaṁ"
"452", "DNM 2.48", "B kōcappī; M kōccaccha; T kōccāppa. B alakahitakaraṇaṁ for alīka"
"453", "DNM 6.60 [A variant of pōī]", "M pēṁṭa"
"454", "DNM 6.125", "B majjhimaḍaḍaṁ, T majjhaḍimagaḍi"
"455", "DNM 3.55", "B jharakō; T jhārakkō"
"456", "Sk kṣōbha ?", "S khōata; T kōdhigī (1)"
"457", "?", "Cf. aṭṭala, extremely clever in Marathi"
"458", "DNM 1.88 [urarī]", ""
"459", "Sk khara?", ""
"460", "DNM 2.69", "S svaparō"
"461", "DNM 2.79 [kharaḍia]", "KT karaḍiō"
"462", "DNM 2.34 [kuṭī vastranibaddha dravyam]", ""
"462A", "pōṭṭalaṁ ?", "K kuṁbhēpōlika, S kuṁmipōḍalikaṁ; T kubhipōlikī"
"463", "DNM 2.88", "S jaṁgaṇaśaṁdō; T gaṇasahō"
"464", "DNM 3.15 [= sasnēha:1]", "BK cuccō; M cucō; S caccō"
"465", "DNM 1.148 [ōjjha]", "B ujjhu araṇya, M ujhaṁ"
"466", "DNM 6.44 [pāraṁparō]", ""
"467", "DNM 1.131 [uttappō ?]", "B uttātō; T uttārō"
"468", "?", "T kiliō"
"469", "DNM 4.23", "S ṇāvō"
"470", "Sk mada ?", "B maḍallō"
"471", "DNM 7.91", "B pittēī; T cittaī"
"472", "?", "from pūrṇa:? BKS yūṇō; T suṇō"
"473", "DNM 3.15", "B cuḍūlī; T cuḍilaṁ. Cf cūḍa in Marathi"
"474", "DNM 6.114 [mahaṇa 2]", ""
"475", "DNM 3.61", ""
"476", "DNM 3.54", ""
"477", "?", "KS hata; T bhigi?"
"478", "DNM 6.135", "M turaī; T muraraṁ. KM āsanaṁ for asatī"
"479", "?", ""
"480", "DNM 4.15 [ṭēṁkī]", "BK ḍōṁḍī; T ḍhēḍha"
"481", "DNM 4.41", "B ṇasārā; KS ṇisārō"
"482", "DNM 5.25", "B dhalaō"
"483", "DNM 6.1", "B palī; K phalaṁ"
"484", "DNM 6.111", "B mōlō; T malōlō"
"485", "DNM 4.34", "S ṇivāvō"
"486", "DNM 4.1", "B ṭharaārō; S umarō; T + ārō"
"487", "DNM 3.9", "B caravāō"
"488", "DNM 2.82 [gaṁḍārī]", "B giḍḍilī; KS giḍḍirī, T gēṁḍarī. Cf gaṁḍērī in Marathi"
"489", "DNM 1.80", "B idagilīdhūmō; T idēgirīghūmī"
"490", "DNM 6.39 [pāīṁkī]", "BKS paśaḍukī ; T pāsukī"
"491", "DNM 7.15 [rōḍī aṇiśibikā]", "B rōhiāu. BKMST prāṇiśibikā for vaṇi"
"492", "?", "B rōrarī"
"493", "DNM 6.104", "BKS hāalō, T bhāyālō"
"494", "DNM 7.77", "B vēḍhiō; KS vēḍaō; M vēḍhaō"
"495", "vēaḍiō? DNM 7.77", ""
"496", "", "KS rōppālō (rō); M rōṁpārō; T vōppacaō"
"497", "DNM 6.43", "B vārāvarō; Tpārāvāraō"
"498", "DNM 5.21 [talavattō]", "T kalavattī"
"499", "DNM 3.29 [chikkōaṇōṁ]", "B chacchaaṇō; M chichaaṇō; T picchaagō. KS āsōḍhā; M āṇasōḍhā for asōḍhā"
"500", "DNM 1.51 [aṇiha]", "T aṇahaṁ. T mukhalaṁ for mukham"
"501", "?", "B dirilēā; M dirilaā; ST dariā"
"502", "DNM 3.46 [jīvayamaī]", "M breaks off at jīvibha and hence variants from this manuscript are not noted. KS yāmugāvarṣiṇī mr̥gī; DNM mr̥gākarṣaṇahētupdhamr̥gī for kāmukākarṣiṇī mr̥gī"
"503", "DNM 5.63", "BT samayaṁ. DNM hass cōrā durgāpuratō hatvā puruṣaṁ tadaṅgarudhirēṇa । gahanē kurvanti baliṁ dharmārtha dhammaraṁ taṁ tu"
"504", "DNM 6.118 [muṁgusō, muggasō]", "BT luguō; KS gugguō"
"505", "DNM 6.118", "B laggusō; K guggusō; T luggusō"
"506", "DNM 7.40 [vaggōō]", "KS kāgōpaō K bakula: for nakulā"
"507", "DNM 5.43 [dūsalō durbhagaḥ]", "B usalī"
"508", "DNM 3.20", "B vapphalī; KS capalaṁ"
"509", "?", "KS haṭhaḥ for bhaṭaḥ"
"510", "DNM 2.107", "B ghādharī, T ghargharī"
"511", "DNM 2.107 [ghaṇavāhī]", "BT ghuṇivāō;T2 ghaṇivāhavō"
"512", "DNM 8.27 [sēālī]", "S sēa. liā"
"513", "DNM 7.4", ""
"514", "", "B vammaḍiaṁ, S vagasi; T varvaḍīaṁ ()"
"515", "DNM 6.133", "BT muḍī. After nīragī KS add avaguṭhanaśīla"
"516", "?", ""
"517", "?", "BT viśāla: for vilāsaḥ"
"518", "DNM 8.32 [siṁduvaṇō agniḥ]", ""
"519", "DNM 5.17", "BT tōmārī"
"520", "DNM 7.35", "KS vakalaṁ"
"521", "DNM 7.35", "BT vaṭṭala, S vaṁṭalaṁ"
"522", "?", "B hēraṇaṁ"
"523", "?", "KS mahāraṇa"
"524", "DNM 1.61 [āṇikaṁ tiryaksuratam]", ""
"525", "DNM 1.109", "BKS haṁḍō"
"526", "DNM 4.35", "B ṇiāṇi"
"527", "DNM 4.35 [ṇidiṇī]; DNM kutr̥ṇōddharaṇaṁ for kutr̥ṇaluñcanam"
"528", "DNM 3.31 [chēlī]", ""
"529", "DNM 1.12", ""
"530", "?", "BT om. Cf. bakarā and bakarī in Marathi"
"531", "DNM 2.34", "BT kullō. Cf kōlhā in Marathi"
"532", "DNM 8.47", ""
"533", "paḍasāḍiā ?", "BT paḍaasāiā:S paōasāimā"
"534", "DNM 6.2 [pasāiā]", ""
"535", "DNM 1.16", "BT aṁbarō"
"536", "Sk yuvā ?", "B japō"
"537", "DNM 2.28 [kālaō dhūrtaḥ]", "B kālō"
"538", "DNM 5.17", "KS lōlaṇō"
"539", "DNM 6.3", "B palassēvā; S pusu sēvā"
"540", "DNM 7.1 [rāalā]", "K rāaṇō; S rāaṇā"
"541", "DNM 7.1", "BT ralarā"
"542", "DNM 7.1", "B rāḍā"
"543", "DNM 7.73 [vīlaṇaṁ]", "B vīlaṇi; KS pālaṇa. T vicchila for picchilam"
"544", "DNM 2.77 [khēālū niḥsahaḥ asahana ity anyē]", "BT. khēāṇuaṁ"
"545", "DNM 5.59", "BT sārō"
"546", "DNM 2.104 [gēḍḍē]", "KS gōṁḍō davā (1)"
"547", "DNM 5.24 [= avasaraḥ]", ""
"548", "DNM 1.58", ""
"549", "DNM 5.6", "BT dhumārā; K duṁdhumārī, S dhuṁdhumārī"
"550", "DNM 1.147", "B ēkērāṇī"
"551", "DNM 1.32 [avayārō mādhyāmutsava viśēṣaḥ]", ""
"552", "DNM 2.97", "KS alpō janmanā for alpajalpanaḥ"
"553", "DNM 5.10 [tāmara ramyam]", "KS vāmarō sundarā"
"554", "DNM 2.93", "B gōttaṇhāṇī"
"555", "DNM 2.70 [khaṭṭikō]", "KS khēṭṭikō"
"556", "DNM 6.62", ""
"557", "DNM 8.8 [saurī śakunika]", "KS sūḍī"
"558", "DNM 6.4", "BT vaūḍha, KS padūda"
"559", "DNM 8.58", ""
"560", "DNM 2.37", "BT kusiō, KS kuḍḍiō"
"561", "DNM 8.42", "K sēṭṭī"
"562", "DNM 3.11 [cirayā]", "B cirīa; S jiliā"
"563", "?", "KS ūaī"
"564", "?", "KS ūiō; T puḷaō"
"565", "DNM 6.38", ""
"566", "A variant of (565)", "B vāṇō"
"567", "DNM 1.79 [ikkuma]", "K kaisī; S kaisaṁ"
"568", "DNM 5.58 [dhasalō]", ""
"569", "DNM 5.25 [thasō]", "KS. thāhō or dhāhō"
"570", "DNM 5.25", ""
"571", "DNM 5.62", "BT dhurīaṁ"
"572", "DNM 6.5", "B paccuhō"
"573", "DNM 4.44", "S ṇisarō"
"574", "DNM 2.89", ""
"575", "DNM 1.31", "KS agulli or agusthi"
"576", "DNM 1.13 [aaṁkhō]", "BT aahathō"
"577", "DNM 7.85 [vappiṇō] or DNM 7.48 [vappīḍiyaṁ]", "KS bacchicayaṁ, T vippivaaṁ"
"578", "DNM 6.26", "BT vallavāaṁ; KS caṁcalāa"
"579", "DNM 1.7 [ajjhōllī dugdhadōhyā dhēnuḥ, yā punaḥ punarduhyatē]", "B ajhōjjhaliō; KS ajjhōliō punaḥ punaryadūhyatē"
"580", "DNM 2.74", ""
"581", "DNM 2.72 [khuḍḍiaṁ]", "KS svalpakaṁ taru for svalpaka ratam "
"582", "DNM 3.21", "K ririhā; S girihā"
"583", "?", "KS ṭōvaruō; T ḍēvacaraō"
"584", "DNM 6.25 [paccuhiaṁ ?]", "B vappua"
"585", "DNM 6.63 [pōiō kāndavikaḥ, khadyōta ityanyē]", "B vōiō"
"586", "DNM 6.113", ""
"587", "DNM 6.113 [miṇāya]", ""
"588", "DNM 6.140", "KS muḍū"
"589", "DNM 6.49", "B piṇā (uō aṇu) ō (1), KS viṇāī"
"590", "DNM 5.37", ""
"591", "DNM 1.58 [akkasālā]", "K akayālō"
"592", "DNM 7.43", "B baalaṇī"
"593", "DNM 6.44 [pāḍiaggō]", "BT paḍiggahō KS vāḍiggahō"
"594", "DNM 6.44 [pājhaaggō]", ""
"595", "DNM 4.19", "KS gaṁdaṇṇō"
"596", "?", "BT xxx aō"
"597", "DNM 1.56 [avajjhasaṁ]", "KS avajjusō"
"598", "DNM 5.50", ""
"599", "DNM 6.43", "KS pāḍiajhō"
"600", "DNM 3.58", "BT dhuttī"
"601", "DNM 5.1", "KS vaḍhē"
"602", "DNM 2.33", "B guṭṭīhaāśramaḥ (1)"
"603", "DNM 8.71 [huluvvī]", "B bhuluvīā"
"604", "DNM 3.13 [ciricirā or ciricirā]", "B viō ()"
"605", "DNM 8.72", "DNM sarpaśiraḥsajñēna hastēna niṣēdhaḥ"
"606", "DNM 2.82", "B gahaṇī"
"607", "?", "KS vālakī kujjhaṭī (1); T valukī kakaṭī. Cf vāḷūka in Marathi"
"608", "DNM 2.2", ""
"609", "?", "K gaalō; S gaarō"
"610", "?", "K om. vipraḥ"
"611", "DNM 7.11 [rōrō raṅkaḥ]", ""
"612", "DNM 7.95 [vēālō, Sk vikāla.]", "BT pēāla"
"613", "Sk harit", "B hari"
"614", "?", "B halaka"
"615", "DNM 7.5", "BT giggō; K vimō. S pradēśaḥ for pravēśaḥ. Cf rīgha in Marathi"
"616", "DNM 7.35 [vayaḍōṁ]", "Sk vaṭa ? KS vaallō"
"617", "DNM 7.26", "BT valla spaśānvitam"
"618", "Sk. ", "KS ca śukla; T pasukaṁ"
"619", "DNM 8.42", "K lēō or liō- S lēvō"
"620", "DNM 7.18 [lasakaṁ tarakṣīraṁ]", "B rasīaṁ; S salaaṁ. K vaṭakṣīra for viṭapikṣīram"
"621", "DNM 6.19,28 (DNM vacanam iti sātavāhanaḥ)"
"622", "DNM 2.26", ""
"623", "DNM 8.36", ""
"624", "DNM 2.28", "Words from 625 to 675 are omitted in B, but are found in KS and on the misplaced folio 138 in T, and folio 180 in T"
"625", "DNM 6.128 [maṇiṇāyahara samudraḥ]", ""
"626", "DNM 6.8", "K paḍirō S paḍilō; T vaḍīrō"
"627", "Sk.", "T vēlavaṁ mātapa (1)"
"628", "DNM 8.71", "KS hūsō lēkhakāraḥ, T bhr̥sō lōhakāraḥ"
"629", "DNM 6.136", "KS suhatthaī; Tsuharthasa" 
"630", "DNM 2.51", "K jaṭā, S jaṭō"
"631", "DNM 6.129 [māilī]", ""
"632", "DNM 7.23 [līlō]", ""
"633", "DNM 2.20", "(DNM mr̥ta- pravahaṇaṁ yēna mr̥takamuhyatē । sāmānyēna yānapātramiti kēcit). KS kamalaṁ; T kāga- mala"
"634", "DNM 8.39 [sudāruṇō]", "KST mudāiṇī"
"635", "DNM 6.114", "KS maralō; T marūḷō"
"636", "?", "T bhūsasthō"
"637", "DNM 6.76 [pāḍalō]"
"638", "DNM 6.12 [parialī]", "K pariālō, S pariāli; T parīālī"
"639", "DNM 1.14 [adāō]", "T aṁdaō"
"640", "DNM 7.55", "KS pāḍalī"
"641", "DNM 8.5", "KS śēphālī; T saṁpālī"
"642", "DNM 2.97 [gōccaō]", "S gōṁcōṁ; T gōppaaṁ"
"643", "From Sk kōśa or kāsō vastram", "After kuvindaḥ T adds tantuvāyaḥ"
"644", "DNM 2.25 [kaḍapaḍavā]", "T kīḍavaḍavaṁ"
"645", "DNM 1.20 [avagūḍha]", "KS avadūḍhaṁ; T. avaūḍhā. K vālika; T2 vyaḷīka for vyalīkam"
"646", "DNM 1.42", ""
"647", "DNM 4.48 [ṇivvaṁ kakuda vyājaḥ]", "T nēppa"
"648", "DNM 6.11 [pahamma]", "K pahaggō; S pahaṇṇaṁ; T. pahamēmā"
"649", "DNM 2.15", "KS kaṁḍiō; T kīriō"
"650", "DNM 2.31 [kiṁjakkhō]", "8 kijukō; T kiṁjukkhā"
"651", "DNM 5.8 [tahalliā gōvāṭa:]", "KS apaśrutiḥ for apamr̥tiḥ"
"652", "DNM 8.61 [hatthallī hastavr̥sī?]", "T artharī"
"653", "DNM 2.90 [gummī]", "T guī"
"654", "From guṁjā ?", "T gōjjala"
"655", "?", "In the words that follow, the meaning in Sanskrit is given first and the Desi word comes next"
"656", "DNM 1.78", "KS abhraṁdaraṁ 1"
"657", "DNM 6.9", "KS pappaḍō, T pappaḍō"
"658", "DNM 5.30", "S ḍōha, T dōhaiṁ"
"659", "DNM 2.7", "S kaṭala"
"660", "DNM 2 81 [gajō galla]", "T; gajja"
"661", "?", "S aṇuladdhaṁ, T agullī" 
"662", "?", "S paḍō, ḍāvā in Marathi 2"
"663", "DNM 4.6", "T ḍāpō"
"664", "?", "KS divaō"
"665", "DNM 1.15", "KS amaaṇi tyamō"
"666", "?", "S sakarō, T sasarō"
"667", "DNM 3.5+", ""
"668", "DNM 5.13", "K tiīṁgacha।ō; S tigicchādō"
"669", "DNM 2.71", "T. khavadōṁ"
"670", "?", ""
"671", "DNM 5.12 [tittiriaṁ snānām]", "T tittiriḍī"
"672", "DNM 2.16", "T kaḍattarī"
"673", "DNM 6.107", "T; mr̥daō; T2 bhr̥dēō"
"674", "DNM 8.5", ""
"675", "From svap", "B sōsiō, T sōsīō"
"676", "DNM 8.70 [huḍḍumō]", ""
"677", "DNM 6.111", ""
"678", "DNM 1.155 [ōrilō acirakāla]", ""
"679", "DNM 1.146", "B ēkasāhillō, KS ēkakhāiō"
"680", "DNM 8.68 [hiṁbiaṁ ēkādagamanakrīḍā]", "KS haṁbiḍiā"
"681", "DNM 7.50", "KS suhuaiṇī"
"682", "?", "BT ghudiṇī"
"683", "DNM 6.79", "BT vilarī, S pittiri"
"684", "DNM 1.40 [agaḍigēhō]", "K gaṁ. ḍimōhō, S agaḍimōhō"
"685", "DNM 5.6", "KS cōḍillī"
"686", "DNM 4.31 [ṇilaṁkō]", "K ṇilippā"
"687", "DNM 4 31", ""
"688", "DNM 3.32 [chattasōvaṇaya]", "B chēttamōpaṇī; KS chattasōvaṇa. In the next group some words have more than one sense"
"689", "DNM 7.40 [vappīō]", "BT sappaō, S vapphaō"
"690", "DNM 6.90 [bappīhō]", "BT sappiō"
"691", "DNM 6.25 [paḍikkharō krūra]", "T; paḍakkharō"
"692", "DNM 8.20 [saisiliṁbō skandaḥ kumāra 1]", "BT saisiddhiō"
"693", "DNM 2.13", "BT tahaḍō; KS kahōḍō"
"694", "DNM 6.121", ""
"695", "DNM 7.40 [vōdrahō]", ""
"696", "DNM 6.53", "BT duhaṁḍō; K phuaḍi; S ghaaḍi"
"697", "DNM 6.53", "KS paḍaō"
"698", "DNM 6.80", ""
"699", "DNM 1.62 [āmēlō 1]", "T āmalaka"
"700", "DNM 6.90", "K caṁcari; S cacarī kālē"
"701", "DNM 8.10", "BT siṁdārī; KS siṁdira"
"702", "DNM 1.129", ""
"703", "DNM 7.44 [vaḍḍhaiō]", "BT. caiṭṭaō. S vaḍaiō"
"704", "DNM 2.37 [kuṭṭāō]", "BT kuṭhārō; K kuṭārō"
"705", "DNM 3.1 [cōṭī]", "B cula; KS culī"
"706", "DNM 6.37 [pāsī]", ""
"707", "DNM 2.13 [kaṁbarō]", "KS kaṁcaraṁ"
"708", "DNM 2.13", "BT kōḍurī, KS kōthuraṁ"
"709", "DNM 4.45", "B jārē; KS paurē for cōrē"
"710", "?", "(paḍiajjhaō ? DNM 6.31)"
"711", "DNM 2.55", "B kamaṭhō; KS kamalō. After this word KS add virēḍō"
"712", "DNM 1.26 [avaḍuō]", ""
"713", "DNM 2.104", ""
"714", "DNM 1.59", "Bakkhaṇavēlī"
"715", "DNM 4.34", "B ṇijaō; KS ṇijjāō (DNM 4.33)"
"716", "DNM 2.59", "B kāhillī; KS hōhalli; KS rāṣṭrē for bhrāṣṭra"
"717", "DNM 2.55 [karaḍō]", ""
"718", "DNM 1.148", "B ēkkasaṁhō, K ēkasuhō; S ēkasahō T ēkasuhahō, B nirdharmāsanayōḥ for nirdharmādhanayōḥ"
"719", "DNM 1.55 [aṁtēllī]", "KS puttilli. B kr̥ṣau ūaārō for udarē"
"720", "?", ""
"721", "DNM 6.143", ""
"722", "DNM 2.52", "BT appālaṁ"
"723", "DNM 7.96 [vēllahalō 1]", "BT lalanāyō"
"724", "DNM 1.68 [āaḍḍiaṁ]", "T āaṁṭiā"
"725", "?", "S sakaṁba. BT purē for pracurē"
"726", "DNM 2.54", "K vr̥ṣṭē for vr̥ṣē"
"727", "DNM 7.16 [= pramāṇa]", "KS lōha"
"728", "DNM 7.15", "BT. rōhaṁḍaṁ. KS icchāmunyōḥ; T2 ucchāmōḥ for icchāmayōḥ"
"729", "DNM 7.59 [kāliṁbō]", ""
"730", "kēā ? DNM 2.44", "BT kēṁdhū"
"731", "DNM 4.29 [= ripugr̥ha]", "Br̥cchau for r̥jau"
"732", "DNM 2.63", "S om.the word"
"733", "DNM 2.63 [kuruḍō]", "S om.the word.B dvāvapyadravē puṇi ca; S nidarya nipuṇē ca. or dvāvapyanaghē nipuṇē ca"
"734", "DNM 1.73", "S āla"
"735", "DNM 2.59", "BT kiṇṇō"
"736", "DNM 7.27", "KS lāira. K acirārthē for ajirārdha"
"737", "DNM 2.58", "KS kuliā. KS tr̥ṇavr̥ddhau for r̥ṇavr̥ddhau"
"738", "DNM 2.15", "KS kacchē kaṭhikāyāṁ for kaṇṭhē karṇikāyā"
"739", "DNM 1.87 [udāṇā culī]", "KS udghāṇō. KS kucarē for kurarē"
"740", "DNM 1.160 [ōlaiṇī]", "BT ōladhaṇī, S ulaaṇaṁ"
"741", "DNM 2.77", "BT khappō"
"742", "DNM 4.13", "BT ḍōṁga; S kōṁḍi"
"743", "DNM 3.39", "BT cēṁḍā; S dēṁḍā"
"744", "DNM 8.55 [sīhaliā]", "KS sihaḍī"
"745", "DNM 1.123 [udda]", "B dardō; T daddō. K udakē; T kakuda for kakudi. K dātr̥pr̥ṣṭhē; S dhātupr̥ṣṭhē for dāntapr̥ṣṭhē"
"746", "DNM 2.64", "BT kōllī; KS kōṁḍi. KS jīvanāyāṁ for skhalanāyāṁ. K dōhadaviṣamāyā for dōhaviṣa- māyā"
"747", "DNM 5.20 [=bhujaḥ]", "B namaṇī; K tanaṇī; S tagaṇī"
"748", "DNM 8.1", ""
"749", "DNM 1.135", "BT upiṁjalaṁ. K tarē; S talē for ratē"
"750", "DNM 4.47", "DNM ratē for vinatē"
"751", "DNM 1.97 [uccāḍō vipula:]", "K icchāḍanaṁ"
"752", "DNM 5.38 [dāō pratibhūḥ]", "BT darō"
"753", "DNM 6.99", "BT pōṁdī; K bōḍi; S vaṁdi"
"754", "DNM 1.131", ""
"755", "DNM 6.96", "BT bōdhō"
"756", "DNM 1.106 [uccaḍiō]", "BT uccavihō aśikāmānē ? "
"757", "DNM 1.83", "BT vallī. B vaphatrāṇē for varṣatrāṇē, Cf iralī in Marathi and Dravidian Puli"
"758", "DNM 6.64", ""
"759", "DNM 1.60", "BT akaḍamalimō "
"760", "DNM 5.33 [dayaṁ]", "BT uaṁ"
"761", "DNM 2.112", "BT yōliaṁ; KS gāliaṁ"
"762", "DNM 3.41 [= halaśikhā 1]", "KS ayasivadānē for hayē śaśivadanē"
"763", "DNM 2.69", "B khajjanō, KS khaḍḍarō, T khacanō"
"764", "DNM 5.20", "BT kalimō. B gr̥hē baddhabhūmau for gr̥hōrśvabhūmau. B pāśagr̥hē for vāsa"
"765", "DNM 3.60", "BT jhajhaddhā (8)"
"766", "DNM 7.83", "BT vapō; KS vauppā. B sabhikē for balādhikē"
"767", "DNM 7.86 [vallara]", ""
"768", "DNM 6.112", "B marālī; KS marālaṁ DNM haṁsa iti sātavāhanaḥ"
"769", "DNM 6.143 [mammakā]", "B cammakō; T carmakēkā ()"
"770", "DNM 7.62 [visaḍhō ?]", "KS pisaḍō; T. bisiḍō"
"771", "DNM 6.91", "B balavaḍī; K balapucchi; S balapuṭṭi. B vyāyāmē sabhāyāṁ; K vyāyāmasabhāyāṁ, DNM vyāyāmasahētyanyē"
"772", "DNM 8.56", "BT sijhiō; KS jhiṁjhaō. B rajata° for rajaka"
"773", "DNM 7.95 [vēiddhō]", "B vēiṭṭō; T vēiṭṭhō. KS natī for tanau"
"774", "?", ""
"775", "DNM 7.84", "T satatavapana for satatapavana"
"776", "DNM 7.13", ""
"777", "DNM 7.83", "S caṁḍō. B bhramē for bhr̥tyē"
"778", "DNM 6.145", "BT mattharaṁ. BT kuṭuṁbē for kusumbhē"
"779", "DNM 7.27 [layaṇa]", "B laanaṁ; T layanaṁ"
"780", "DNM 6.141 [mammaṇō]", "B sarōṣa for rōṣē"
"781", "DNM 5.15 [tuhikkō]", "B tuhikkī; KS tumhikaṁ",
"782", "", "BT chōṇō. KS calē for carē; K jōrē; S cōlē"
"783", "DNM 5.23", "BT tuvilli"
"784", "DNM 6.69 [patthārī]", "S paṁtharī. B svamatau; K saṁtatau; T svatau (1)"
"785", "DNM 4.34", "B ṇiccaviḍaṁ; KS ṇicciṭṭa. KS udbhaṭē for ratyārabhaṭē"
"786", "?", "KS padayōrapi (1)"
"787", "DNM 3.61", "BT jhasurī"
"788", "", "B vipparō"
"789", "DNM 6.76", "B pāṭalō; K pāḍilē, S pāḍirō"
"790", "DNM 6.98", "S biṁbōvaaṇaṁ"
"791", "DNM 2.61", "KS kukulō"
"792", "DNM 3.23", "B cuccuṇiā; K cuṁcaṇiā; S caṁcuṇēō. B muṣṭikēṣṭa- kāyā for muṣṭidyūtē yūkāyā samarthē ca"
"793", "DNM 4.4", "BT chidakō;S ḍakō"
"794", "DNM 2.45", "BT chiṇṇa; kiṇō"
"795", "DNM 4.44", "B dāntē; KS śāṇē for ṣaṇḍhē."
"796", "DNM 2.76 [khukhuṇī?]", "K vēlaka;S dēlakaṁ. KS mithyā ghaṭamānē ca?"
"797", "DNM 1.55", ""
"798", "DNM 5.56", "BT pēḍa"
"799", "DNM 1.52", ""
"800", "DNM 1.26 [aralāyā]", "BT arālāō. BT maratē for maśakē"
"801", "DNM 1.49", ""
"802", "DNM 1.16", "BKT alliā"
"803", "DNM 6.65 [pāṇī]", "BT kakaṇaṁ; S pacaṇaṁ. BT atirōmābhāvavati for atiśōbhāvati"
"804", "DNM 6.66", "BT vanbhārō"
"805", "DNM 6.69", "B paccujjō; K cuccujjō, S cuṁcujjō"
"806", "DNM 6.76 [pāsalla]", "BT vāagō; KS vāsaṇyō"
"807", "DNM 7.49 [vippayaṁ ?]", ""
"808", "", "KS ālaṁkārē ca for jālakē ca"
"809", "?", "KS kuḍḍō vyāpannē; T kēḍḍhō"
"810", "DNM 1.153 [ōhaṭṭō]", ""
"811", "DNM 1.168", "BT ōhakkū; KS ōhaddhaṁ"
"812", "DNM 4.4 [ṭōlō]", "KS śēlō"
"813", "DNM 5.23", "BT tōḍḍō"
"814", "DNM 4.7 [ḍaharī ?]", "BT ḍasarī; KS ḍasaraṁ"
"815", "DNM 4.51", "BT chaṇī- ukkaṇē (?); KS ṇidukkaiṇō. B kārmukē; KS kāmē for vāyasē"
"816", "DNM 6.71", "B vaka; T cakkaṁ"
"817", "DNM 5.22", "BT turaṁ; KS nuri. B kali- kāryā for tūlikāyāṁ"
"818", "?", "KST thōkaaṁ atimaṁtrē tātparyārthēśaktē ca"
"819", "Sk pāṁśulaḥ ?", "KS chasulō kākōlē kālē ca. T. phasulō",
"820", "DNM 2.60 [kiviḍī]", "B kivaṭī, K kivvaḍī"
"821", "DNM 3.34 [chāyā]", "KS bhramarīṁdrāṇyā. for bhramarī"
"822", "DNM 8.28", "KS ḍippaṁ. KS śirasā vibhūṣaṇē ca for śirasō bhūṣaṇaviśēṣē"
"823", "DNM 4.46 [ṇallaya]", ""
"824", "Sk icchāputraḥ", "KS niyōgisutē for yōginīmunē"
"825", "DNM 6.73 [pahēṇayaṁ]", "KS pahaṇēa"
"826", "DNM 3.21", ""
"827", "DNM 3.52", "B jayaṁdaṇaṁ; K avaṁdaṇaṁ; S abadhaṇaṁ. KS agara for agura"
"828", "Sk daṁśa ?", "KS ḍiṁbā; T ḍīā",
"829", "DNM 5.52", "KS daniaṁ; T duliaṁ"
"830", "?", "S om the word"
"831", "?", "KS cippatti"
"832", "?", "KS uṁchāḍaiō; T. oḍaiō"
"833", "DNM 6.69 [paccalō]", "B pacalaṁ; KS pavanaṁ; T vaccalaṁ. K asamānē for asahanē"
"834", "DNM 8.52", "T bāhulī"
"835", "DNM 7.28", "B lubō; T lubvī"
"836", "?", "B ghaṭakuṁḍalayōḥ for kuṇḍayōḥ"
"837", "?", "KS hūki"
"838", "DNM 3.39 [chōbhāittī]", "KS chūhaiḍiā, T chubha- icchiā"
"839", "DNM 8.2", "S sari"
"840", "DNM 2.104 [gōrā]", "B Maart; T Harit for yām"
"841", "Sk bhasmātman ?", ""
"842", "DNM 6.110", "BKS gōlī. B vēdyā for cēṭyām"
"843", "DNM 2.57 [kaṇṇōllī]"
"844", "DNM 1.54", "B alliddhī;K allacchi; S allatthi"
"845", "?", "K ōmārō; S ōmālō; T ujjhārō"
"846", "DNM 1.94", "BKS ukkhō; T uppēsō. DNM apavādārthō'pyayaṁ dr̥śyatē"
