"a-","","","as a rare negation prefix at finite verb forms (Renou 1933: 175); -- aṇ-oyāre; a-viviñcaï"
"aï","","","","{\em ati}","","3761 (cty: {\em atīva})"
"aïavavāya","","","","{\em aty + apavāda}","","797"
"aïiddha","","not in PSM","","{\em ati + iddha}","","2161 (cty: {\em atidīpta})"
"aïkakkhaḍa","","","","{\em ati + kakkhaṭa}","","4976 (cp.)"
"aïkiliṭṭha-miu","","","","{\em ati + kliṣṭa + m̥rdu}","","2683"
"aïkhadda ","","","","{\em ati + stabdha} (Bollée 1994a: 185 sub ¹khaddha)","","","3547 (cty: {\em atîva-prabhūta})"
"aïgamaṇa ","","","","{\em ati + gamana}","","","1768, 1801-2, 2089 etc."
"aïcchaï, -ae","","","","{\em *atyañcati} (CDIAL, 210; Bollée 1995: 137)","","","2135, 4661, 5707","","PN 288; ON 415","ppp. aïcchiya"
"aïcchiya","","","","{\em *atyañcita} (Bollée 1994a: 105)","","","103 (cty: {\em atikrānta}), 706, 1450, 2793 (ppp. with active meaning; cty: {\em atikramya}), 4720, 5528 (ĀvNH 635a 9 [vs. 47]: aṇ-icchie), 5808 'ticchio, 5928","","VisBh 3582"
"aïṁchaï","see aïcchaï"
"aïṇīi\","","not in any dict.","","{\em atinayati}, Pā. atineti\ (Cf. Deśin 1,24 aïṇiya\ ?)","","4964 aïṇeuṁ (cty: {\em atinīya -- praveśya})"
"aïthūla","","","","{\em ati + sthūla}","","cty  ad 171 (p. 53,16)"
"aïdāha ","","not in PSM","","{\em ati + dāgha}","","194"
"aïnti","","","","{\em atiyanti}","","2775 (cty: {\em praviśanti})"
"aïpanta ","","not in PSM","","{\em ati + prānta}","","5593"
"aïpariṇāma","","","","{\em ati}","","+ ts.  1015, 3059"
"aïpasaṅga",,"not in PSM",,"{\em ati + prasaṅga} (Śīlâṅka I 24a 12 ad SūyagaḍaN 35, II 24a 11)",,"1016, 2449, 2759, 2969, 3652, 5936"
"aïpāṇiya","","","","{\em ati + pānīya}","","1124"
"aïpillaṇa","","","","{\em ati + prêraṇa}","","6190"
"aïp(p)asaṅga","see aïpasaṅga"
"aïphuḍa","","","","{\em ati + sphuṭa}","","81"
"aïbāhaḍa","","? not in any dict.","","{\em ati} + [d.]","","","5004 (cty: {\em atîva + dhrāta})"
"aïbhaṇiya","","","","{\em ati + bhaṇita}","","2709"
"aïbhuñjaṇa","","","","{\em ati + bhuñjana}","","3167"
"aïbhūmi","","","","{\em atibhūmi}","","5567"
"aïya","","","","{\em ajika}","","2441, 2535"
"aïyaṇa ","","","","{\em aty + adana}","","","5560","ifc. dīhâ°"
"aïyattiya ","","","","m.c. for āiyattiya (q.v.)","","","3065"
"aïyāra ","","","","{\em aticāra} (Williams 1963: 288ff.)","","","2871 (cty: {\em rātri-bhakta-lakṣaṇa}), 5263, 6426"
"aïricca","","not in PSM","","abs. of {\em ati √RIC}, Pā. atiricca","","","3627"
"aïruñciya","","","","{\em ati + luñcita}","","1271 (cty: {\em atiruñcita})"
"aïvatti","","","ifc. kālâ°","{\em atipatti}"
"aïvāiya","","","ifc. velâ°","{\em atipātika}"
"aïvāyaṇa","","","","{\em ati + pātana}, cf. {\em atipatana}","","461 (cty {\em vināśa}), 4902"
"aïsaya","","","","{\em atiśaya}","","996"
"aïsesi(ṇ)","","","","{\em atiśeṣa + -in} (cf. SL., §141)","","","4995 (cty: {\em atiśaya-jñānin}), 5605 (cty: {\em atiśayī -- nava-pūrva-dharâdir avadhi-jñānâdi-yukta})","ifc. aṇ-°"
"aïharisiya","","","","{\em ati + harṣita}","","6257"
"auṇ'-aṭṭhi  ","","","","{\em a-guṇa + ṣaṣṭi} (Pi §444)","","","4296"
"auṇa-ttīsaṁ ","","","","{\em a-guṇa + tr. ~ ekôna-triṁśat} (Pi §444)","","","1129"
"auṇā-pannā ","","","","{\em a-guṇa + p. ~ ekôna-pañcāsat} (Pi §444)","","","1756"
"ǎemāṇa","","","","part. med. of ādei ~ {\em ādadāti} ?","","","2694 (apparently paraphrased in Cty by {\em g̥rhṇāti})"
"a-kakkas'-aṅga","","","","{\em a + karkaśa}  + ts.","","4320"
"a-kaṇḍa ","","","","{\em a + kāṇḍa}","","","926 (cty: {\em a-kāla})"
"a-kara","","","","a + ts.","","","2506 (cty: {\em a-pūrvaḥ karaḥ} ‘new tax’)"
"a-karaṇḍaga","","","","a + k.","","","4060"
"a-kasāya","","","","{\em a + kaṣāya}","","2712"
"akkanta","","","ifc. nidd'-°; bhar'-°","{\em ākrānta}"
"akkamaï","","","","{\em ākramati}","","4580 akkamiūṇaṁ (cty: {\em caṭitvā})"
"akkuṭṭha","","","","{\em ākruṣṭa}","","2710"
"akkoḍiya","","","","(APSŚK s.v. explains an unspottable reference in BKBh by {\em praveśita})","","","","","cty  ad 172 (p. 57,10)"
"akkha ","","","","{\em akṣa}","","","206","ifc. mand'-°"
"akkha-nikkheva","","","","{\em akṣa + nikṣepa}","","cty  ad 874 (quotation from KBBh)"
"akkharaya","","","","{\em akṣara+ -ka}","","","","ifc. duv-°"
"akkhā","","","","{\em ākhyā}","","","","ifc. land'-°"
"akkhāiya ","","","","{\em ākhyāyika}","","","2564 (cty: {\em Taraṅgavatī-Malayavatī-prabh̥rtayaḥ}; Sen 1975: 253)"
"akkhāḍaga ","","","","{\em akṣa + pādaka} (cf. Harsam 255,4)","","","1103 (cty: {\em akṣa-pāṭaka -- mallānāṁ yuddhâbhyāsthāna}), 1107"
"akkhāṇaga","","","","{\em ākhyānaka}","","2564 (cty: {\em Dhūrtâkhyānakâdīni}; Sen 1975: 253)"
"akkhiṇī","","","","{\em akṣiṇī} ‘one of the eight conditions or properties attached to landed property’ [MW]","","","","ifc. gujjh'-°"
"a-kkhuṇṇa ","","","","{\em a-kṣuṇṇa}","","","2737 (cty: {\em a-mardita})"
"akkhuṇṇaï ","","","","{\em ā + kṣuṇatti}","","","2671 (cty: {\em ākṣuṇati -- tasyāḥ pādau vilikhati})"
"akkheva","","","","{\em ākṣepa}","","305 (cty: {\em cālanā}), 5339, 5625"
"aṅka","","","","ts.","","","","ifc. miy'-°"
"aṅkura","","","","ts.","","","119 (cp.)"
"agaḍa","","","","{\em avaṭa} (Bollée 1994a: 107; Pi §231)","","","842, 1104, 1155, 1158, 3028 (cp.), 4639 (cty: {\em garttā}), 6210, 6215, 6217","ifc. aghâ°"
"agaṇi ","","","","{\em agni}","","","2507 (apocope of agaṇi-pavesa, see bhoi)","ifc. niyaḍâ°"
"agaṇi-sālā","","","","{\em agni + śālā}, Pā. aggi-sālā","","","3442"
"agaṇṭhima\  JHS","","","","{\em agranthima}","","","3093 (cty: {\em kadalī-phala})"
"a-gamiya","","","","{\em a-gamya}","","143"
"a-gamma--gāmi(ṇ)","","","","{\em a-gamya + gāmin}","","","3595","","Paṇṇav 2,9"
"agaya","","","","{\em agada}","","783 (cty: {\em viṣâpahārakam apy auṣadham}), 2889, 4909"
"a-gaya","","","","{\em a-gada}, Pā. a-gada\ (CDIAL, 4016)","","","6428 (cty: {\em nīroga})"
"agāriya","","","","{\em agārin + -ka}, Pā. agārika","","","","ifc. sâ°"
"agāli(ṇ)","","not in PSM","","JHS {\em agārin}","","","4325"
"aguṇa-tīsaṁ ","","","","{\em a-guṇa} (Pi §444) + {\em triṁśat}","","","1419 (cty: {\em ekona-triṁśat})"
"aguṇā-paṇṇā","","","","a. + {\em pañcāśat} ","","","3893","","Aup §163"
"aguru ","","","","ts.  (Meulenbeld 1974: 521-2)","","","3074"
"agga ","","","","{\em agra}","","","","ifc. nav'-°"
"aggalaï, -ei","","","","JHS {\em argalayati} (not in any dict.; denom. of {\em argala} ‘bolt’ [MW])","","","1392 (cty: {\em niyantrayati})"
"agga-siṅga","","","","{\em agra + ś̥rṅga}","","","","","cty p. 84,23 ad 278-81"
"aggaso ","","","","{\em agraśas}","","","","ifc. vīs'-°; say'-°"
"aggāhaga","","","","{\em ā + grāhaka}","","26"
"aggi-kuṇḍa ","","","","{\em agni-kuṇḍa}  (Sen 1975: 100)","","","3446"
"aggi-ṭṭhi","","","","{\em agni-ṣṭhikā}","","2855"
"aggi-paḍutta","","","","a. +  {\em paṭutva}","","","4456 (cty: {\em jāṭharânala-pāṭava})"
"aggheya","","","","{\em arghya} (CDIAL, 290)","","","","ifc. aṇ-°"
"¹aṅga ","","","","{\em aṅka}","","","","ifc. sīl'-°"
"²aṅga ","","","","ts.","","","ifc. a-kakkas'-°; gujjh'-°; rūv'-°"
"aṅgaṇa ","","","","{\em aṅgana}","","","","ifc. uggah'-°"
"aṅgāra-khaḍḍā̆","","","","a. + kh.","","","1668 (cp.)"
"aṅgiya ","","","","{\em *aṅgika}","","","","ifc. savv'-°"
"aṅgula ","","","","ts.","","","ifc. caur'-°; pañc'-°"
"aṅguli-kosa","","","","ts. + {\em kośa}, Pā. aṅguli-kosa","","","3853"
"aṅguli-vicca ","","","","ts. + {\em *vīcya}","","","5524 -vicce (cty: {\em aṅgulī-madhye cīrake})"
"a-ghaḍa","","","","{\em a + ghaṭa}","","817"
"aghā","","not in PSM","","[d.] (Bhayani [p.c.] thinks of {\em agādha} as an etymon)","","","675 (cty: {\em garttā}; cp.)"
"aghâgaḍa  [d.] +","","","","{\em avaṭa} (Bhayani [p.c.] suggests to divide the cp in {\em aghā + garta})","","","676 (cty: {\em aghā -- garttā hrado vā, agaḍaḥ -- kūpaḥ})"
"a-ghuṇiya","","","","{\em a + ghuṇa + -ika/-ita}","","","1957 (cty: {\em guṇaïr a-viddha})"
"a-ciyatta ","","","","{\em a + tyakta} (Bollée 1994a: 207; if this etymology is correct, {\em tyakta} may here have the active meaning of ‘having left out, omitted;not having done', viz., cooking especially for a monk or nun. The {\em locus classicus} may be  Dasav 5,1,17 a-ciyattaṁ na pavise, ciyattaṁ pavise kulaṁ ‘he shouldnot go to a family that did cook especially for him’ -- food which he wasnot allowed to accept and for which reason he could consider those people “unkind” to him --, ‘but he should go where one had abstaïned therefrom’ so as to enable him to take what was offered as being pure. Haribhadra comments this passage by {\em a-prīti-kulaṁ yatra praviśadbhiḥ sādhubhir a-prītir utpadyate na ca nivārayanti kutaścin nimittântarāt. Etad api na praviśet tat-saṁklésa-nimittatva-prasaṅgāt. Ciyattam [...] praviśet kulaṁ tad-anugraha-prasaṅgāt}. Perhaps a-ciyatta, too, should thus be listed among the negative expressions of the {\em a-hiṁsā} type. Charpentier's difficulty [1922: 320] is partly due to his wrong reading a-vyatta at Utt 11, 9. As ciyatta is rare compared to its negative one may assume that many people tried to improve their {\em karman} by meansnot sanctioned by the monastic rules)","","","1264 (cty: {\em a-prītika}), 1268, 1394, 1489, 1579-81, 3707, 5242 etc."
"a-celaga/ya,","","","","fem. a-celiyā\ {\em a + celaka}","","","3984, 5936ff. (fem.)"
"ACCA","","","","{\em ARC}","","acciya"
"accakkhara","","","","{\em aty + akṣara}","","299"
"accaṇa ","","","","{\em arcana}","","","","ifc. nakkh'-°"
"accallīṇa","","","","{\em aty + ālīna}","","","","","NisBh 1349 (cty: āsaṇṇa) for BKBh 575 acch'-ullūḍha"
"accā","","","","{\em arcā}","","4580"
"accāura","","not in PSM","","{\em aty + ātura}","","3418, 5886, 6017, 6339 (cp.)"
"accāgāḍha","","","","{\em aty + ā + gāḍha}","","2012"
"accāyāma ","","not in PSM","","{\em aty + āyāma}","","915 (cty: {\em atīva-hasta-samucchrayaṇa})"
"acciya","","","","{\em arcita}","","3615 (cty: {\em añciya}; cp.), 6296 (text: añciya; cty: {\em arcita})"
"accukkaḍa","","","","{\em aty + utkaṭa}","","5983"
"accuvvāya","","","","{\em aty + udvāta}","","3751"
"accha","","","","","","","2075 (cty: {\em a-kaluṣa})"
"accha","","","","[d.]","","","5855 (cty: {\em drava})"
"acchaï ","","","","{\em ākṣeti} ? (Bollée 1994a: 110)","","","1072 acchau (Pi §481; cty : {\em tiṣṭhatu}), 1076 (do.), 2395, 4732 (do.), 5045 (do.), 5051, 5624, 6388 acchao (part. gen.; cty: {\em āsīnasya})"
"acchaṇa(ya)","","","","v.n. of prec.","","","680, 1499 (cty: {\em svâdhyāyâdi-hetoḥ prâṅgaṇâdi-pradeśe 'vasthānam}), 1500, 4545 (cty: {\em paryupâsana}), 4858","","ĀvN 1127"
"acchabhalla ","","","","{\em ̥rkṣa + -bha} (AïG II,2 §591) + -alla  (?\ CDIAL, 2446 {\em *̥rkṣabhalla})","","","881 (cp.)"
"acchara","","","","{\em apsaras}","","5225"
"acchi ","","","","{\em akṣi}","","","","ifc. ulǔg'-°"
"acchi-ruyālu","","","","a. + {\em ruj} + -ālu","","","1277"
"acchi-roga","","","","{\em akṣi} + ts.","","5220"
"a-cchiva  ","","","","{\em a + kṣipant}","","","6180 (cty: {\em a-sp̥rśant})"
"acchī-malaṇa ","","","","{\em akṣi + mardana} (?)","","","3752"
"acchuraṇa","see atthuraṇa"
"acch'-ullūḍha","","","","{\em akṣa + *udrūḍha}","","","575 (cty: {\em sva-sthānaṁ tyājitās tato yat sāraṁ bhāṇḍam akṣâdi, tad niṣkāśayanti}","","NisBh 1349: accallīṇa [cty: āsaṇṇa])"
"accheraya","","","","{\em āścarya + -ka}","","","3268 (cp.), 4218 (cp.)","","cty  ad 172 (p. 56,19); ĀvN 934 (cp.); Pravac 33"
"AÑCA","","","","{\em AÑC}","","","4971 añcu gati-pūjanayoḥ"
"a-jagga(nta)","","","","{\em a + jāgrat}","","5838"
"a-jaggira","","","","{\em a + jāgara}, Pā. a-jāgara","","","4403"
"a-jantiya","","","","{\em a + yantrita}","","3501"
"a-jāliya","","","","{\em a + jālika}","","5966"
"a-jīra","","","","part. pass. of jīraï","","","4255 (cty: {\em jīryamāna})"
"a-juyaliya","","","","{\em a + yugalin + -ka}","","441"
"ajja ","","","","{\em ārya}","","","","ifc. uppal'-°"
"ajja-kkāliya","","","","{\em adya + kālika}","","472"
"ajjā-sijjā","","","","{\em āryā + śayyā}","","2208"
"ajjiya","","","","{\em arjita}","","2714"
"ajjiyā","","","","{\em āryikā}","","2618 (cty: {\em pitāmahī mātāmahī vā})"
"-ajjha","","","formation of {\em ādhi}, cf. {\em ādhīna}\ ?","","","","","ifc. aṇ--app'-°; app'-°; par'-°"
"ajjhattha-sama","","","","{\em adhyātman} + ts.","","3939"
"ajjhattha-suddha","","","","{\em adhyātman + śuddha}","","3934"
"ajjhavapūraga ","","not in PSM","","{\em adhy + apa/ava + pūraka}","","1077 (cp.)"
"ajjhāviya","","","","{\em adhyāpita}","","5184"
"ajjhiyaga","","? not in PSM, AED","","[d.]","","","4962 (cty: {\em upayācita})"
"a-jjhīṇa","","","","{\em a-kṣīṇa}","","271 = VisBh 958"
"a-jjhusira","","","","{\em a + śuṣira} ","","","443","","Pravac 709"
"ajjhoyara","","","","{\em adhy} + cf. {\em apavaraka}\ (see CDIAL 450 and CPD s.v. ovaraka, and cf. oaraya at Supās 415 and ovara [Desin 1,157])","","","533 (cty: {\em adhyavapūraka} [read with Bhayani (p.c.) -paraka]), 1612 (do.)","","Aup 96 III\footnote{Leumann refers to a note which I could not find in the MS of the second part of his Aup an edition of which I am preparing.}"
"ajjhovagamā","","","","(sc. veyaṇā)  apocope of ajjhovagamiyā (thus read for: abbho° [SL §86])","","","1388 (cty: {\em ābhyupagamikī})"
"ajjhovāya","","","","{\em adhyupapāta}","","2638"
"añca","","","","ts.","","","","cpd. rom'-añc'-ubbheya"
"AÑJA","","","","{\em AÑJ}","","abbhaṅgiya; avatta (?)"
"aṭṭaṭṭa-hāsa","","","","onomatopoeic aṭṭ'\ [d.] + ts.","","","","","cty  ad 172 (56,31)"
"aṭṭa-hāsa","","","","ts.","","","5526"
"aṭṭhāi ","","","","{\em aṣṭau}  (Pi §442)","","","2031"
"aṭṭhārasa ","","","","{\em aṣṭādaśan} (Stein 1936)","","","3872, 3874, 3893, 4365"
"aṭṭhâhiya","","","","JHS  {\em aṣṭâhika}","","","3149-50"
"aṭṭhi","","","","syncope of {\em asthi + sa-rajaska}","","","2824 = NisBh 5079 (cty: haḍḍa-sarakkha)"
"-aṭṭhi ","","","","{\em -ṣaṣṭi}","","","","ifc. auṇ'-°"
"aṭṭhiga/ya, fem. -ī\ ","","","","{\em arthika}","","","2648 (cty: {\em arthikā -- maïthunârthinī})","ifc. aṇ-°; eg'-°; dapp'-°"
"aṭṭhiga","","","","{\em asthika}","","2853"
"aṭṭhi(ṇ) ","","","","{\em arthin}","","","","ifc. maṅgal'-°; mehuṇ'-°; ratt'-°"
"aṭṭhiya ","","","","{\em arthita}","","","","ifc. att'-°; bhatt'-°"
"Aṭṭhi-sarakkha","","","","{\em asthi + sa-rajaska}  (Sen 1975: 291; not found in Lorenzen 1972)","","","5981","","Vav 2,273 (AED); Vav 7 (ARK; cty: {\em Kāpālika})"
"aḍayālīsaṁ ","","","","{\em aṣṭā-catvāriṁśat} (Pi §445)","","","4366"
"Aḍoliyā","","","","{\em a + lolitā} (? Bhayani 1993: 343ff. ‘tip-cat’)  Npr. of a Princess","","","1156, 1158"
"aḍḍa-viyaḍḍa","","","","[d.] ‘confused’ (AED), ‘cross-wise and helter-skelter’ (Shriyan 790). Cf. also DEDR 94 (Ka. aḍḍa ‘crosswise’)","","","4922 (cty: {\em arda-vitarda} [?\ not in MW])","","Pravac 747 ~ 754\footnote{The references for ON 176f. and NisBh 3: 13 given in APSŚK were illocatable.}"
"¹aḍḍha ","","","","{\em ard(d)ha}","","","","ifc. div-°; purim'-°"
"²aḍḍha ","","","","{\em āḍhya}","","","","ifc. guṇ'-°;  vaṇṇ'-°"
"Aḍḍha-Bharaha","","","","","","","","","Cū ad 5255"
"aḍḍhāijja ","","","","{\em ardha-t̥rtīya}  (Pi §450)","","","3895, 3969, 3980, 5757"
"aḍḍh'-ok(k)anti ","","","","{\em ardha + apa/avakrānti}","","","426 (addha-), 429"
"aḍḍhôrug/ya ","","","","{\em ardha + ūru + ka}  (Sen 1975: 165; SL., §143)","","","4082, 4119"
"¹a(ṇ)-","","","","{\em a(n)-}  negation before nouns; as to the Indian preference for negative expression see e.g. Nakamura 1985: 52-9."
"²a(ṇ)-","","","","as a negation before a finite verb form: aṇ-ujjhanti (MW: {\em an} 3.a; CPD an 3 a sub 6) 553 (cty: {\em nôjjhanti}), 5875 a-viviñcaï (cty: {\em na vivinakti})"
"¹aṇa","","","","{\em ̥rṇa}","","","834-5 (cty: {\em prathamato yugapad-antar-muhūrtenânantânubandhinaḥ krodha-māna-māyā-lobhān upaśamayati})","","VisBh 1284"
"²aṇa-","","","","as a negative particle (AiGr II,1 p. 80; Oberlies 1995: 108-9 s.v. anāmata with older literature) in: aṇa-bhoga, aṇa-rāya, aṇa-hiṇḍiya"
"aṇ-aïsesi(ṇ)","","","","{\em an + atiśeṣa + -in}","","5024, 5605"
"aṇ-aggheya ","","","","{\em an-arghya} (CDIAL, 290)","","","6345"
"aṇ-aṭṭhiga, fem. -ī ","","","","{\em an + arthika}","","","2648"
"aṇ-aṇutāvi(ṇ)","","","","{\em an + anutāpin}","","4520, 4524"
"aṇ-annatta","","","","{\em an-anyatva}","","807"
"aṇ--app'-ajjha","","","","{\em an + ātman} + -ajjha","","","2358 (cty: {\em an--ātma-vaśa -- kṣipta-citta}), 3723 (cty: {\em an-ātma-vaśāyāḥ -- yakṣâviṣṭâdi-rūpāyā āryikāyā mantra-tantrâdi-prayogeṇâtma-vaśatāṁ kartuṁ gacchet}), 3801, 4649, 6419"
"aṇ-abbhattha ","","","","{\em an + abhyasta}","","","1329 (cty: {\em sâtmī-bhāvam an-ānīta})"
"aṇ-abhilappa","","","","{\em an + abhilāpya}","","964"
"aṇa-bhoga ","","","","{\em ana + bhoga} (cf. aṇ-ābhoga and ṇābhoga; Bollée 1994a: 113)","","","2848, 5317, 5899"
"aṇ-ambila ","","","","{\em an + amla} (cf. aṇ-āyambila)","","","1633 (cty: {\em an-ācāmla})"
"aṇa-rāya  ","","","","{\em ana + rājya} (Sen 1975: 17 n. 5 versus Jain 1947: 193; Jain 1984: 64sqq. changed this passage  without reference to Sen)","","","2763 (cty: {\em a-rājya})"
"aṇ-ala","","","","{\em an + ala},  Pā. an-ala; --","","","2731 (cty: {\em a-yogya}), 4365, 5783, 6122, 6125"
"aṇ-avaṭṭhappa ","","","","{\em an + avasthāpya} (Schubring 1935: §162)","","","2464, 2522, 5587 etc."
"aṇ-avatthaṇiya ","","","","{\em an + apa + stanya}","","","4143 (cty: {\em stanya-pānād an-uparata})"
"aṇ-avayagga","","","","{\em an + apavarga} ","","","5010","","Sūy 2,5,2; Ṭhā (JĀGM) 2,1,53 etc. "
"aṇ-aha","","","","{\em an-agha}","","4949"
"aṇ-ahikkh'-aṭṭha ","","","","{\em an} + apocope of ahikkhāya + {\em artha}","","","2077 (cty: {\em an-adhika-khādanârthaṁ -- sarvāsām apy a-viṣama-samuddeśanârthaṁ})"
"aṇ-ahikkhāya","","","","{\em an + adhi(ka) + khāda}","","2080"
"aṇa-hiṇḍiya ","","","","{\em ana + hiṇḍita} (cf. Bollée 1995: 114)","","","439, 1265"
"aṇ-ahiyāsa  ","","","","{\em an} + v.n. of ahiyāsaï, cf. Pā. an-adhivāsaka","","","740, 2387, 2872 (cty: {\em a-sahiṣṇutā}), 4394 (cty: {\em an-adhisahya -- soḍhum a-śakya})"
"aṇ-āiṇṇa","","","","{\em an + ācīrṇa}","","3183"
"aṇ-ā̆ṇutāvi(ṇ)","see aṇ-aṇutāvi(ṇ)"
"aṇ-ābhinna","","","","{\em an + abhijña}","","","4507 (cty: {\em an-abhijñāta})"
"aṇ-ābhoga ","","","","{\em an} + ts. (cf. aṇa-bhoga and ṇābhoga; Oberlies 1993: 16)","","","2646, 2945, 5284"
"aṇ-āyambila ","","","","{\em an + *ācāmla} (cf. aṇ-ambila)","","","1398"
"a-ṇāmiya  ","","","","{\em a-nāmika}","","","","ifc. vāma-karâ"
"a-ṇāha ","","","","{\em a-nātha} (cf. Norman, CP I 1990: 82f.)","","","2348 (cty: {\em niḥsvāmika})"
"aṇ-icche  Sa.","","","","{\em an-icchati} (part. sg. loc.)","","","1810, 1952, 1959"
"-aṇī̆ya","","","gerundive suffix found in: nivaṁsiya"
"aṇilâmaï(ṇ)","","","","{\em anila + āmaya + -in}","","3817"
"aṇu","","","","{\em anu}","","1320 (cty: {\em paścāt})"
"aṇuijjae","","","","{\em anudīyate}","","121"
"aṇuoga","","","","{\em anuyoga} (Oberlies 1993: 16)","","","","ifc. kāliyâ°"
"aṇuoga-tattilla  ","","","","{\em anuyoga + tanti} + -illa (Bhayani, p.c.)","","","1525 (cty: {\em anuyoga-grahaṇâika-niṣṭha})"
"aṇukampā","","","","{\em anukampā}","","5634"
"aṇukuḍḍa","","","","{\em anu + kuḍya}","","4790f."
"aṇukūla","","","","{\em anukūla}","","","","ifc. hiyayâ°"
"aṇ-ukkuiya\","","","","(?)  {\em an + ava + kucita}","","","4088 (cty: {\em an-utkucita -- [a]ślatha}; cf. OBh 317)"
"aṇuguru","","","","{\em anu} + ts.","","","995-6"
"aṇ-ugghāya ","","","","{\em an + udghāta} (Schubring 1918: 10; SL., §162)","","","3686, 5600 (cty: {\em an-uddhāta})"
"aṇuciṇṇa","","","","{\em anucīrṇa}","","5301"
"aṇujāṇa ","","","","{\em anuyāna} ‘going after’ [MW]","","","1659 (cty: {\em rathayātrā}), 3285 (cty: {\em ratha-yātrā})"
"aṇ-ujjamayā","","","","{\em an + udyama + tā}","","700"
"aṇ-ujjiya","","","","{\em an-ūrjita}","","4419"
"aṇuṭṭha","","","","apocope of aṇuṭṭhāṇa  {\em anutthāna}","","","1598 (cty: {\em abhyutthāna})"
"aṇuṇṇa","","","","apocope of  aṇuṇṇāviya  {\em anujñāpita}","","","3527 (cp.)"
"aṇutāvi(ṇ) ","","","","{\em anutāpin}","","","","ifc. aṇ-°"
"aṇ-uttara--sura","","","","{\em an-uttara} + ts.","","","","","cty  ad 75 (quotation)"
"aṇudhamma","","","","{\em anu + dharman}","","997"
"aṇupantha","","","","{\em anupatha}","","3512 (cty: {\em mārgâbhyarṇa})"
"aṇuparihāriga/ya","","","","{\em anu + parihāraka} or {\em parihārin + -ka}","","5614, 5617, 6463, 6469, 6475f."
"aṇupavvayaṇa","","","","{\em anu + pravrajana}","","1351"
"aṇupāla(ya) ","","","","{\em anupālayat}","","","","ifc. dur-°; su-r-°"
"aṇupāliya","","","","{\em anupālita}, ppp. of {\em anupālayati}","","1281"
"aṇumaraï","","","","{\em anumarati}","","1282"
"aṇumahat(t)ara ","","","","{\em anu + mahattara}","","","3574-5"
"aṇumerā","","","","{\em anu + maryādā}","","4790"
"aṇumoyana","","","","{\em anumodana}","","3869, 3871"
"aṇuyattaya","","","","{\em anu + vartaka}","","5110"
"aṇuraṅgā","","","","[d.]","","","1916 (cty: {\em gantrī}), 3071 (cty: {\em ghaṁsikā} [not in MW])"
"aṇulomaṇā","see next","not in PSM, AED"
"aṇulomaṇâuṭṭi","","","","{\em anulomana + āv̥rtti}","","5327 (cty: {\em prajñāpanā + samādhāna})"
"aṇuvāya","","","","{\em anupāta}","","4392"
"aṇuvāyi(ṇ) ","","","","{\em anupātin}","","","","ifc. savvâ°"
"aṇ-uvāsaya","","","","{\em an + upāsaka}","","1139"
"aṇ-uvvaṇa ","","","","{\em an-ulbana}","","","4432 (cty: {\em a-garvita})"
"aṇusajjaṇā","","","","v.n. of {\em anuṣajjate}, cf. {\em anuṣañjana}","","","","ifc. titthâ°"
"aṇusaṭṭha","","","","{\em anuśiṣṭa}","","2897 (cty: {\em anuśiṣṭi}\ !)"
"aṇusaṭṭhi ","","","","{\em anuśāsti}","","","1541 (cty: {\em anuśiṣṭi -- dharma-kathā}) = ON 174, 2898, 3736"
"aṇusariyu","","","","JHS {\em anusmart̥r} ","","","27","","VisBh 92"
"aṇusāra","","","","{\em anusvāra}","","76"
"aṇ-eraṇḍa","","","","{\em an} + [d.]","","","3817"
"aṇ-oa","","","","{\em an + ojas}","","745"
"aṇ-otappayā","","","","{\em an + *avatrapyatā}\ ?","","","2051 (cty: {\em a-lajjanīyatā})"
"aṇḍa ","","","","ts.","","","ifc. mor'-°"
"a-taḍa-pavāya","","","","{\em a-taṭa + prapāta}","","","2390 (cty: {\em a-taṭena vā -- a-tīrthena anya-tīrthena vâvatareyuḥ chinna-taṅke vā prapātaṁ dadyuḥ tataḥ paritāpanâdy-utthā sâivâropaṇā}), 3862 (cty: {\em glāna}; cf. 6193 a-sahuṁ  [...] a-tarantaṁ)"
"a-tara","","","","{\em a} + stem of taraï  ","","","2123 a-taro tīraï kāuṁ (cty: {\em na tarītuṁ śakyata iti ataraḥ -- ratnâkaraḥ})","","Pravac 400"
"a-taranta(ga) ","","","","{\em a} + part. of {\em tarati} + {\em -ka}","","","1980 (cty: {\em glāṇa}), 5889 (do.)"
"a-tiṇṇa","","","","{\em a + tīrṇa}","","1867 (cty: {\em glāna})"
"a-tilla-vasā","","","","{\em a + taïla} + ts.","","6008"
"atîi","","","","{\em atyeti}","","3234, 5998"
"atta ","","","","{\em ārta}","","","","ifc. bhukkh'-°"
"att'-aṭṭhiya","","","","{\em ātman + arthita}","","1621, 1853"
"attâgama","","","","{\em āpta + āgama}","","53"
"att'-aṭṭhei","","","","denom. from  {\em ātmârtha}: JHS {\em ātmârthayati}","","","4224, 4292"
"a-ttāṇa","","","","{\em a + trāṇa}, Pā. a-ttāṇa","","","2766 (cty: attāṇa tti {\em saṁyatā ātmanâiva caurâdi-sahāya-virahitā gacchanti; eṣa Cūrṇy-abhiprāyaḥ. Niśītha-Cūrṇy-abhiprāyas tu: attāṇa tti atrāṇā nāma -- skandha-nyasta-laguḍa-dvitīyā ye deśântaraṁ gacchanti kārpaṭikā vā}) = NisBh 3365 (cty: koveṇa ya raïjjā kāraṇâvekkha-gāmiṇo attāṇā kavvaḍiyā vā)"
"attâhiṭṭhiya ","","","","{\em ātman + adhiṣṭhita}","","","1703 (cty: {\em ātmârthika, ātma-labdhika})"
"attha ","","","","{\em atra} (Pi §293)","","","5527, 5706"
"atthaga ","","","","{\em artha + -ka}","","","","ifc. siddh'-°"
"a-tthaggha","","","","JHS {\em a-stāgha}, cf. a-tthāha","","","5660"
"attham","","","","aï  {\em astam ayati}\ (?)\","","","1097"
"atthamaṇa ","","","","{\em astamana}","","","5810 (cp.)","ifc. sūr'-°"
"attham-iya","","","","{\em astam ita}","","2907, 5787ff."
"attha-lambha","","","","{\em artha-lābha}","","54"
"attha-vivatti ","","","","{\em artha + vipatti}","","","290 (cty: {\em artha-vyāpattiḥ -- arthasya visaṁvādaḥ})"
"attha-sattha","","","","{\em artha-śāstra}","","388"
"atthâbhivañjaga","","","","{\em artha + abhivyañjaka}","","55"
"a-tthāha-jala","","","","JHS {\em a-sthāgha} + ts.","","","5649"
"atthitta ","","","","{\em astitva}","","","61-2, 819"
"atthuya","","","","{\em āst̥rta}","","3818 (cp.), 4360"
"atthuraï","","","","{\em āstarati} (CDIAL, 1507)","ppp. atthuriya (q.v.)"
"atthuraṇa(ga)","","","","{\em āstaraṇa (+ -ka)} (CDIAL, 1506)","","","1967, 3675, 3845, 5511 (cp.), 6190","ifc. cīr'-°"
"atthuriya\","","","","ppp. of atthuraï\","","","610 (cty: {\em āstīrṇa})"
"a-thakka ","","","","{\em a + *sthakk-} (CDIAL, 13737; Oberlies 1993: 18)","","","348 (cp.)"
"a-thakka--jāyā","","","","a + {\em yācñyā}\ (?)","","","4642 (cty: {\em a-kāla--prârthanā})"
"a-datta","","","","ts.","","","4299f., 4309"
"a-dariya ","","","","{\em a + darita}  (CDIAL, 6190 ‘frightened’)","","","1299"
"a-dasa","","","","{\em a + daśā}","","1968, 3911"
"a-dāyaṇa","","","","{\em a + darśana}","","2948"
"a-diṭṭha--kallāṇa","","","","{\em a-d̥rṣṭa + kalyāṇa}","","5090"
"a(d)emāṇa","","","","part. med. of ādei  ~  {\em ādadāti} ?","","","2694 (see s.v. ābhavva)"
"addanna","","","text always: -ṇṇ-","{\em *addiya} × {\em a-dhanya}  (? Oberlies 1993: 19; CDIAL, 642 ‘bewildered’; cty  ad BKBh 2512: {\em addannaḥ -- a-kṣaṇikaḥ})","","","1888 (cty: {\em ākuli-bhūta}), 3633","ifc. app'-°; kamm'-°; cint'-°","cty ad 172 (p. 56,22); Haribhadra 48 a 2 ad DasavN 73; do. 190 a 3 ad ĀvNH 461; do. 800 b 1 ad ĀvNH 1550"
"addāiya\","","","","for addāviya (Pi §554)","","","2639 (cty: {\em ādarśita})"
"addāga, -ya  ","","","","{\em *ādāpaka} (Norman, CP I 1990: 125; Bollée 1994a: 119)","","","812 (cp.), 2633 (cty: {\em sādhum apâv̥rtam d̥rṣṭvā g̥rhasthā ādarśo  d̥rṣṭa ity a-maṅgalaṁ manyante}), 2639, 2660 (cp.)"
"addiya","","","","{\em ardita}","","4781"
"addha ","","","","{\em ardha}","","","","ifc. jaṅgh'-°"
"addha-khalla","","","","{\em ardha} + ts.","","","3849"
"addha-jaṅghā","","","","{\em ardha} + ts.","","","3847, 3849, 3854, 4087, 5644, 5648, 5709","","Pravac 535"
"addha--māgaha-bhāsā","","","","{\em ardha + Māgadha + bhāṣā}","","5185"
"addhāṇa","","","","{\em adhvan}","","1732, 4008"
"addhāṇa-kappa","","","","a. + {\em kalpa} (Sen 1975: 139)","","","4075"
"addhāṇa-pavajjaṇa","","","","a. + v.n. of pavajjaï\ {\em pratipadyate}\","","","1018 = 2878"
"addhāṇiya","","","","{\em ādhvanika}","","5074 (cty: {\em pathika})"
"a-ddhii","","","","{\em a-dh̥rti} (Oberlies 1993: 20)","","","","","cty  ad 172 (54,32)"
"addhī-kāraga","","","","{\em ardha + kāraka}","","4569"
"addh'-okkanti ","","","","{\em ardha + apa/avakrānti}","","","426, 429 (aḍḍha-)"
"adhi","","","","apocope of {\em adhika}","","","4064 (cty: {\em adhika-pramāṇa})"
"adhigama  ","","","","ts.","","","ifc. nijjarâ°"
"adhīṇa ","","","","{\em adhīna}","","","3243 (cty {\em āyatta})","ifc. parâ°"
"a-nijjūhiya","","","","{\em a + *niryūthita} or {\em nir + vyūhita}","","","3646 (cty: {\em a-nirgūḍha} [v.l.: -niryūḍha])"
"a-niyāṇa ","","","","{\em a-nidāna}","","","6333 a-niyāṇaṁ nivvāṇaṁ"
"a-nivvāhi(ṇ)","","","","{\em a} + n.","","","2631 (cty: {\em tatra g̥rhapati-g̥rhasya saṁyatôpāśrayasya ca yatra p̥rthak phalikaṁ, tad nirvāhi; yatra punas tayor ekam eva phalikaṁ, tad a-nirvāhi})"
"a-nihuya ","","","","{\em a + nibh̥rta}","","","1296 (cty: {\em niṣṭhura-vakrôkty-ādi-rūpa}), 5923, 5928"
"a-nīhārima","","","","{\em a + nīhāra + -ima} (AïG II,2 §226a $\beta$)","","","4610\\ anta  ts.  ifc. diṭṭh'-°"
"¹anta ","","","","ts.","","","ifc.  diṭṭh'-°; vitt'-°; vosaṭṭh'-°; siddh'-°"
"²anta","","","","{\em antya}, cf. Pā. ²anta in CPD","","","892 (cty: {\em utk̥rṣṭa})"
"³anta","","","","{\em antra}","","1699"
"anta-kāri(ṇ)","","","","{\em anta-kārin}","","3924"
"antaga",""  {\em antaka}\  ifc. uggahaṇ'-°
"antad-dhāṇa","","","","{\em antar-dhāna}","","3766, 6290"
"antara-giha","","","","ts. + {\em g̥rha} (Schubring 1905: 41)","","","4562"
"antara-pallī̆ ","","","","ts. + {\em pallī̆}","","","2019"
"antarī-bhūya\","","not in PSM","","{\em antara + bhūta}","","5879 (cp.)"
"antiya ","","","","{\em antika}","","","","ifc. jāv'-°"
"antilla","","","","antiya $<$\ {\em antika} + -lla ","","","5950","","Cū in cty  ad 834"
"ante-ura","","","","{\em antaḥ-pura}","","4563"
"anto-niyaṁsaṇī ","","","","{\em antar + nivasana} (Pi §74)","","","4087"
"andhala(ga) ","","","","{\em andha} +  -la (Pi §595) + {\em -ka}","","","1143, 1152, 5219, 5229 (cp.)"
"andhallagattaṇa","","","","{\em andha} + -lla + {\em -ka} + -ttaṇa","","","1153 (cty: {\em andhalī-bhūta})"
"anna-utthi(ṇ) ","","","","{\em anya-tīrthika}  (Pi §58)","","","2115, 5006"
"annatama","","","","{\em anyatama}","","2169"
"anna-(t)itthi(ga/ya, fem. -ī)  ","","","","{\em anya-tīrthika}","","","1054, 2603, 3080, 4252 (cty: {\em sarajaskâdayaḥ}), 4416 (fem.), 4419 (do.), 4718, 5101f., 5161"
"anna-tūha","","","","{\em anya-tīrtha}","","2388"
"annatta  ","","","","{\em anyatva}","","","18, 182","ifc. aṇ-°"
"anna-dūḍha","","","","{\em anya + dugdha}","","354"
"anna-dhammi(ṇ)","","","","{\em anya-dharma + -in}","","4747"
"anna-dhammiya","","","","{\em anya-dharma + -ika}","","4746"
"annahi/ĩ","","","","{\em anyasmin}\ (Pi §424), cf. savvahiṁ at 4583, 5556 etc.","","","376 (cty: {\em anyatra})"
"annâiṭṭha-sarīra","","","","{\em anya + āviṣṭa + śarīra}","","5525 = 5546"
"annā-risa","","","","{\em anyā-d̥rś(a)} (Pi §245)","","","","","cty  ad 721 (p. 221,17)"
"annâ-saï","","","","{\em anya + a-sati}","","5210"
"a-pauliya","","","","{\em a + prajvalita}","","1080"
"a-paccala","","","","{\em a} + [d.]  226,","","","6234 (cty: {\em a-pratyala, a-samartha})","","ĀvN 1184"
"a-pattiya\","","","","m.c. for a-ppattiya (q.v.)","","","545 (cty: {\em a-prītika})"
"a-pamajjaṇā","","","","{\em a + pramārjana}","","454, 463"
"a-pariggaha ","","","","{\em a-parigraha}  (Norman, CP IV 1993: 175-184)","","","891"
"a-pariggahi(ṇ)","","","","{\em a-parigraha + -in}","","2507"
"a-paricchaṇa ","","not in PSM","","{\em a + parîkṣaṇā̆}","","411"
"a-paritanta ","","","","{\em a + pari + tānta}","","","732 (cty: {\em a-pariśrānta}), 1371 (cty: {\em a-nirviṇṇa}), 1404 (cty: {\em kāyenânirviṇṇa}), 4833 (cty: {\em an-udvigna}), 5110"
"a-parisāḍi","","","","{\em a} + JHS {\em pariśāṭi}","","760, 2024"
"a-parissāvi(ṇ)","","","","{\em a} + v.n. of {\em pari √ ŚRU}","","400"
"a-pāiya","","","","{\em a + pātrika}","","5943"
"a-pāṇiya ","","","","{\em a + pānīya} (Pi §91)","","","1124"
"apâya","see avâya"
"APPA","","","","{\em ARPAY}","","appei; paccappiṇaï"
"app'-ajjha","","","","{\em ātman} + -ajjha (see par'-ajjha and cf. Pā. ajjhatta, the adiective of ajjhattaṁ, and Sa. {\em ātmâdhīna})","","","3732 (cty: {\em ātma-vaśa, svastha-citta}), 3801, 6420 (cty: {\em sva-vaśa})","ifc. aṇ-°"
"a-ppaḍicariya","","","","{\em a + praticarita}","","2335"
"appaṇaga","","","","{\em ātman + -ka}","","4785 (cty: {\em ātmīya})"
"a-ppaṇhuya","","","","{\em a + prasnuta}","","236"
"appa-taïya, -tiiya ","","","","{\em ātma-t̥rtīya}","","","1225, 3744"
"a-ppattiga, -ya ","","","","{\em a + pratyaya}  (Norman, CP II 1991: 239; Caillat 1966: 62 $<$ Schubring 1905: 44; 1910: 88 ad Āyār 1,9,4,12 appattiya derives this word from {\em a-pratīta} ‘Unfreundlichkeit’;  Charpentier's (1922: 282) note ad Utt 1,41 is unintelligible to me)","","","545 (cty: {\em a-prītika}), 901, 1396, 1896, 1984, 2044, 3601, 4600, 5070  etc."
"app'-addanna","","","","{\em ātman} + a.","","","1153 (cty: {\em ātma-rakṣaṇa-para})"
"appa-biiya","","","","{\em ātman + dvitīya}","","3744"
"a-pparivaḍiya","","","","{\em a + pratipatita}","","107"
"appa-vaha","","","","{\em ātma-vadha} ","","","2227","","Sur 5,2"
"appa-saṁbhāviya","","","","{\em ātman + saṁbhāvita}","","3642"
"a-ppassaga","","","","{\em a-paśya + -ka}","","3365"
"appāiya ","","","","{\em āpyāyita}","","","1556 (cty: {\em mano-jñâhāraïḥ sva-sthī-bhūta}), 5603"
"appāyaṇa","","","","{\em āpyāyana}","","3203 (cp.)"
"appāhaï, -ei ","","","","{\em ā + prāthayati} (Bollée 1994a: 125)","","","579 (cty: {\em saṁdeśaṁ kathayati}), 2987 (cty: {\em saṁdiśati}), 3786 (do.), 4608 (do.), 4721; -- ppp. appāhiya (q.v.)"
"appāhaṇā","","","","v.n. of prec.","","","239 (cty: {\em saṁdeśa-kathana})"
"appāhiya","","","","ppp. of appāhaï","","","3284 (cty: {\em saṁdiṣṭa})"
"appāhei","see appāhaï"
"appiṇaï","","","","denominative formed from {\em arpaṇa}  (Pi §557; Oberlies 1993: 22 follows CDIAL, 1220 {\em āpriṇāti})","","","1441, 3011, 4314, 4606, 4630, 4678, 5451"
"appiṇaṇa","","","","v.n. of appiṇaï","","","4604"
"appei","","only in PSM 1928, omitted in repr. !","","{\em arpayati}","","","2988 appe, 4176"
"a-ppolla ","","","","{\em a + *poḍa} (Bollée 1994a: 125)","","","3978 ~aṁ (cty: {\em d̥rḍha-veṣṭanād a-śuṣiram a-śuṣira-daṇḍaṁ vā})"
"apphāliya ","","","","{\em āsphālita} (Burrow quoted in Kuiper 1948: 60 n. 80)","","","4694 (cty: {\em sādaram ābhāṣita})"
"apphuṇṇa","","","","[d.]  {\em āsp̥rṣṭa}\ ? (PSM: {\em ākrānta}); --","","","4926 (cty: {\em vyāpta})","","ĀvNH 354a 3; Caupp p. 267,24"
"a-phuḍiya ","","","","{\em a + sphuṭita}","","","1212 (cty: {\em rājī-rahita})"
"a-bambha ","","","","{\em a-brahman}","","","2465-6"
"abbhakkhāṇa","","","","{\em abhyākhyāna}, Pā. abbhakkhāna\","","","6149"
"abbhaṅga","","","","{\em abhyaṅga}","","5204"
"abbhaṅgaṇa","","","","{\em abhyañjana}","","1925"
"abbhaṅgiya","","","","JHS {\em abhyaṅgita}, Sa. {\em abhyakta}","","","3816"
"abbhaṅgiyallaya","","","","{\em abhyaṅgita} + -alla + {\em -ka}","","1547 (cf. OBh 82)"
"abbhattha","","","","{\em abhyasta}","","","4861 (cty: {\em abhyāsa})","ifc. aṇ-°","Sūy 1,2,2,16; Utt 6,6"
"abbhatthaṇā̆","","","","{\em abhyarthanā̆}","","cty ad 1883 (p. 550,31)"
"abbhatthiya","","","","{\em abhyarthita},  ppp. of abbhatthei","","","5054"
"abbhatthei","","","","{\em abhyarthayati}","","","","","ĀvN 668-9, 672; Pravac 762"
"abbha-paḍala  ","","","","{\em abhra + paṭala} (CDIAL, 7693)","","","189 (‘pall of cloud’)"
"abbharahiya","","","","{\em abhyarhita}","","2618, 2790, 3120 (cp.), 3237"
"abbh'-avagāsiya ","","","","{\em abhra + avakāśika} (Schubring 1905: 60)","","","3509"
"abbhā̆vāsa","","","","{\em abhra + avakāśa}, cf. abbh'-avagāsiya, but also {\em abhyavakāśa}; Pā. abbh'-okāsa","","","3159, 3503, 3510, 3515"
"abbhāsa","","","","{\em abhyāśa}","","2747 (cty: {\em pratyāsanna}), 3781 (cty: {\em samīpa})"
"abbhintara-bāhi-niyaṁsaṇī","","","","(SL., §143)","","","4082"
"abbhintarilla","","","","{\em abhyantara} + -illa","","","","","Cū ad 1181, 2333 (cp.)"
"abbhuvagacchāviya","","","","{\em abhyupa} + caus. ppp. of gacchaï ~ {\em gacchati}","","","","","cty  ad 172 (p. 56,26)"
"abbhovagamā","see ajjho°"
"a-bhatti","","","","{\em a + bhakti}","","1787"
"abhayā","","","","ts. ‘Terminalia Chebula'","","","974 (cty: {\em harītakī})"
"a-bhāsiya ","","","","{\em a + bhāṣika}","","","3749 (cty: {\em Dravidâdi-deśôdbhava})"
"abhioga","see abhijoga"
"abhikkha","","","","{\em abhîkṣṇa}","","2340, 2859, 5127 (cp.)"
"abhikkha-gahaṇa ","","","","a. + {\em grahaṇa}","","","2859, 2871"
"abhikkhaṇâujjaṇā ","","","","a. + {\em āvarjana}","","","3227 (cty: {\em abhîkṣṇaṁ ca taruṇīnāṁ yatanayā pravarttinyā  pratihārikayā ca upayojanā -- saṁghaṭṭanā kartavyā})"
"abhiggaha","","","","{\em abhigraha}","","2990 (cp.)"
"abhighara ","","","","{\em abhi + g̥rha} (Schubring 1905: 37)","","","3617 abhigharā (cty: {\em aparasmād veśmano})"
"abhijoga ","","","","{\em abhiyoga}","","","","ifc. ohām'-°"
"abhijoga--par'-ajjha","","","","{\em abhiyoga} + [d.]","","","5324 (cty: {\em abhiyogena -- kārmaṇena par'-ajjhassa -- para-vaśī-k̥rtasya})"
"abhiduvāra ","","not in PSM","","{\em abhi + dvāra}","","2272 (cty: {\em an-eka--dvāra})"
"abhiddavaṇa","","not in PSM","","v.n. of {\em abhi √ DRU}","","","2083"
"abhinava-gahaṇa ","","","","ts. + {\em grahaṇa}","","","4353ff., 4366"
"abhinikkhamaṇa","","","","{\em abhiniṣkramaṇa}","","2232"
"abhiniduvāra ","","not in PSM","","{\em abhi + ni + dvāra}","","2232 (cp.)"
"abhini(v)vagaḍā","","not in PSM","","",{\em abhi + ni} + vagaḍā\ (Schubring 1905: 37 “abhi” here means ‘all around’); --  ","","","2278 °ḍāe (cty: {\em an-eka--vagaḍe eka-dvāre ca})","","VavBh ud. 6: 281, 300, 367"
"abhinivvagaḍa-duvāra ","","","","{\em abhi + ni} + vagaḍā + {\em dvāra} (Schubring 1966: 77)","","","2288"
"a-bhinna","","","","ts. (Schubring 1905: 37 “not worked with a tool and therefore still containing life”)","","","808"
"abhimara","","","","ts.","","","6391"
"abhilappa ","","","","{\em abhilāpya}","","","4 (cp.), 43","ifc. aṇ-°"
"abhivañjaga ","","","","{\em abhivyañjaka}","","","","ifc. atthâ°"
"abhisaṁchūḍha ","","","","{\em abhi + saṁ + *chubdha} (Bollée 1994a: 213 s.v. chūḍha)","","","1140 (cty: {\em ābhimukhyena prakṣipta})"
"abhisatta","","","","{\em abhiśapta}","","6132 (cty: {\em abhyākhyāta})"
"abhisamāgama","","","","{\em abhi + samāgama}","","1133"
"a(b)hisamecca","","","","{\em abhisametya}","","111 (cty: {\em samyaktvam avagamya}), 134, 1133"
"abhisitta ","","","","{\em abhiṣikta}","","","6328","ifc. muddh'-°"
"abhisega","","","","{\em abhiṣeka}","","6110f."
"abhissaṅga","","","","{\em abhiṣvaṅga} ","","","1353","","VisBh 2964"
"abhihaḍa","","","","{\em abhi + h̥rta}","","535 (cty: {\em abhyāh̥rta}; cp.)"
"abhihaṇa","","","","apocope of abhihaṇaṇa, v.n. of abhihaṇaï\  {\em abhihanti}","","","2736"
"a--bhutta-bho(g)i(ṇ)  ","","","","a + {\em bhukta-bhoga + -in}","","","1054, 2456, 2592  etc."
"a-majjāilla","","","","{\em a + maryādā} + -illa","","","1573"
"amaṇunna","","","","(wrong for a-samaṇunna {\em a + *samanujña}; Bollée 1994a: 127)","","","1703 (cty: {\em sarveṣām apy an-iṣṭa})"
"a-mamijjayā","","","","{\em a + mama + -īya + -tā}","","4390"
"a-māya-putta ","","","","{\em a + māt̥r + putra} (cf. Sūy 1,3,1,2)","","","2006 (cty: {\em sva-sva-jīvita-rakṣaṇā-kṣaṇikatayā yatra mātā putraṁ na smarati, putro 'pi mātaraṁ na smarati, tad a-mātā-putraṁ}; cf. Sūy 1,3,1,2)"
"a-miya ","","","","{\em a-mita}","","","","ifc. mahiyâ°"
"amilā","","","","{\em avilā}, cf. avilā  (Pi §261; Bollée 1994a: 131; Sen 1975: 153)","","","2535 (cty: {\em eḍakā}), 2545 (cp.), 3837"
"a-mui(ṇ)","","","","{\em a + mocin}","","5110"
"amukkiya","","not in any dict.","","?","","","","","cty  ad 760 (p. 237,24) so niccaṁ kholāe amukkiyāe acchaï"
"amuga,","","","","-ya  {\em amuka}","","","737 amuī, 2198, 5110, 5994"
"amu(g)iccaga ","","","","{\em amuga} + -iccaga (Bollée 1994a: 147 s.v. -iccaga)","","","612 (cty: {\em amuka-deśôdbhava}), 657"
"a-muṇa","","","","part. neg. of muṇaï ?\ or cf. {\em a-manas}; --","","","3250 (voc.) a-muṇe (cty: {\em a-jña}), 3255"
"amba-khujja","","","","(equals Pā. avakujja and BHS avakubja [Schubring 1905: 45])","","","3860"
"ambaga","","","","{\em āmra + -ka}\ (Meulenbeld 1974: 527)","","","843 (cp.)"
"ambattaṇa","","","","{\em amla + tvana}","","347"
"ambala ","","not in PSM","","{\em ambara}","","4330-1"
"ambāḍa","","","","{\em āmrāta} ‘hog-plum’ [MW]","","","852, 1712 (cty: {\em āmrātaka})"
"ambāḍiya","","","","[d.] (Chojnacki 1995: 89 “chapitré, insulté” [‘offended'])","","","","","cty  ad 171 (p. 54,16), ad 172 (p. 57,4)"
"¹ambila ","","","","{\em amla}","","","197, 801-2"
"²ambila","","","","{\em *ācāmla} (contraction/syncope of āyambila\ ?); -- ","","","1633 (cty: {\em ācāmla}); ifc. aṇ-°","","Pravac 202"
"ambila-jāu","","","","{\em amla + yavāgu}, Pā. amla-yāgu","","","","","cty  ad 171 (p. 54,13)"
"ambilī-bīja","","","","cp. form of ambila + ts. ","","","3766","","ĀvN(H) 624a 2"
"ambī-bhūya","","","","cp. form of {\em amla} + {\em bhūta}","","","4254, 6020"
"ambu-nāha","","","","{\em ambu-nātha}","","3926"
"amhaccaya ","","","","{\em asmat + tya + -ka} ?\ (not in Pi. In Nemicandra 1962: 393 explained by {\em asmadīya}. Cf. tujjhaccaya)","","","3611 (cty: {\em asmadīya})"
"-aya-","","","$<$ -atta- $<$ -arta- in: āvaya"
"ayagara","","","","{\em ajagara}","","2930"
"aya-gola","","","","cf. {\em ayo-guḍa}, Pā. ayo-guḷa","","","2946"
"a-yara","see ²a-tara"
"aya-vālaga","","","","{\em aja-pālaka}","","4535 (cp.)"
"ayasī","","","","{\em atasī}","","529"
"a-raïya ","","","","{\em a + rajita}","","","513 (cty: {\em a-rañjita})"
"arasa  ","","","","{\em arśas}","","","","ifc. ghāṇâ°"
"ARAHA","","","","{\em ARH}","","abbharahiya"
"(a)rahaga ","","","","{\em arha + -ka}","","","","ifc. go-'°"
"arahaṭṭa ","","","","{\em araghaṭṭa} (Bolée 1977: 113; do. 1988: 279)","","","826"
"Arahaṇṇaga","","","","","","","2545 (see Haribhadra's cty  388a  ad  ĀvN 918)"
"arāiṇi ","","","","{\em aratni}","","","","ifc. ahâ°"
"arāya ","","","","{\em rājya}","","","","ifc. aṇ-°"
"arisa","see also arasa","","","{\em arśas}  (Sen 1975: 331 arisā; Chojnacki 1995: 89)","","","3816, 3836, 3864, 4101-2, 6336","ifc. koṭṭhâ°"
"arisilla","","","","{\em arśas + -illa}","","3864"
"aruga/ya","","","","{\em aruṣ + -ka}, Pā. aruka","","","2224 (cty: {\em aruṣi -- vraṇe}), 4104, 6028","","Sūy 1,3,3,13"
"a-royaga ","","","","{\em a-rocaka}","","","2258 (cty: {\em a-ruci})"
"ala(ṁ) ","","","","{\em alam}","","","3594","ifc. aṇ-°"
"alāu-ṇāla","","","","{\em alābu + nāla}","","4908"
"alāya","","","","{\em alāta}","","5963"
"alāya-cakka ","","","","{\em alāta + cakra} (Schlingloff 1964: 140)","","","6207"
"alāhi","","","","abl. sg. of ala (Pi §365; Schubring 1978: 65)","","","2226 (cty: {\em alam}), 5318"
"alikkaya","","not in any dict.","","?","","","","","Cū 1386,9 ad 5215"
"alinda(ya)  ts. (+","","","","{\em -ka}), cf. {\em ālinda} (Coomaraswamy 1930: 195; Acharya 1979: 46f.; Kieffer-Pülz 1994: 353)","","","1336, 2643, 3502"
"a-levā̆ḍa","","","","{\em a} + JHS {\em lepa-k̥rt}","","1397, 1633, 1648, 1705, 5883 etc."
"a-loṇiya","","","","{\em a + lavaṇita}","","cty  ad 171 (p. 53,14)"
"alliyaï ","","","","{\em ālīyate} (Bollée 1995: 140)","","","3381, 6092 allīuṁ (cty: {\em āśrayitum})"
"allīṇa","","","","ppp. of prec.","","","","ifc. kuḍḍ'-°"
"avaïjjhaï","","","","(PSM avaujjhaï)  {\em apavidhyati}","","","3759 avaïjjhiūṇa (cty: {\em apojjhya -- parityajya}; NisBh: vippajahitūṇa), 5020"
"¹avaïjjhiūṇa","","","absol. of prec."
"²avaïjjhiūṇa","","","absol. of avayajjhaï (q.v.)"
"avaesa","","","","{\em apadeśa}","","1273"
"avaoḍaya ","","","","JHS {\em avakoṭaka}","","","2281 (cty: {\em adho-nīta-k̥rkāṭika})"
"avakaḍḍhaṇā ","","","","{\em apakarṣaṇa} (cf. Norman, CP V 1994: 84ff.)","","","2713"
"avakarisa","","","","","","","","ifc. nirâ°"
"avakkamaṇa","","","","{\em apakramaṇa}","","5514 (cty: {\em maraṇa})"
"avaṁguṇaï","","","","{\em apâv̥rṇoti}, Pā. apâpurati, avâpurati, apâpuṇati, apâmuṇati, apâvuṇati [CPD] (for -ga- $<$ -va- see Pi §231)","","","",""," Āyār 2,2,2,4 (cty: {\em samudghāṭayati}; cf. Viy 2,5,106  avaṁguya-duvāra)"
"avaṁguṇaṇa","","","","v.n. of prec., Pā. apâpuraṇa, avâpuraṇa; --","","","2283 (cty: {\em apāvaraṇaṁ -- varmâder apanayanam})"
"avaṁguya","","","","ppp. of avaṁguṇaï","","","2327-8, 2655-6 (cty: {\em udghāṭita, chiṇḍikā-dvāra}), 4071"
"avaṁguraï","","","","{\em apâv̥rṇoti}","","(cf. avaṁguṇaï)  2354 (cty: {\em udghāṭayati}), 2361"
"avaṅg°","see avaṁg°"
"avacaya ","","","","{\em apacaya}","","","","ifc. dehâ°"
"avaciya-gantha  ","","","","{\em apacita + grantha}","","","824 (cty: {\em pratanū-k̥rto grantho})"
"avaculla","","","","cf. cullī  (Bollée 1994a: 129)","","","1956"
"avacche(ya) ","","","","{\em avaccheda}","","","","ifc. gaṇâ°"
"avajāṇaga  (?) ","","","","{\em avayāna + -ka}","","","3839 (text: avatāṇa°; cp.)"
"avaṭṭhappa ","","","","{\em avasthāpya}","","","","ifc. aṇ-°"
"avaḍḍha  ","","","","{\em apa + arddha}","","","1619 (cty: {\em arddha-dhruva-mātra}), 2210, 5527"
"avaṇaya","","","","{\em apanaya}","","4185"
"avaṇāvei ","","not in PSM","","{\em apanāyayati}","","2661"
"avaṇi ","","","","{\em avani}","","","","ifc. ussâ°"
"avatthaṅiya ","","","","{\em apa+ stanya}","","","","ifc. aṇ-°"
"a--vaṇṇa-vāi(ṇ)","","","","{\em a + varṇa-vādin}","","1302"
"avataṁsa","","","","ts.","","","6336"
"avatāṇaga","see avajāṇaga"
"avatta","","","","{\em ava + akta}\ ?,cf. {\em avalipta} and {\em upâkta}","","","584 (cty: {\em “avāttā” nāma yatra bhūmir upaliptā})"
"avatthā ","","not in PSM","","{\em avasthā}","","1932"
"avadesa","","","","{\em apadeśa}","","3193"
"avaddha-canda-kappa ","","","","{\em apa + ardha + candra + kalpa}","","","673 (cty: {\em apârdha-})"
"ava(d)hīriya","","","","{\em apa + dhīrya}\ ?","","","4963 (cty: {\em avadhīrita -- apamānita}), 6205"
"Avant'-āharaṇa","","","","(see Haribhadra ad ĀvN 1283 [fol. 670])","","","3864"
"avappaoga","","","","{\em apa + prayoga}","","1941"
"avayakkhaï","","","","{\em avacakṣati, avacaṣṭe} (Pi §499)","","","6341","","OBh 188"
"avayagga ","","","","{\em apavarga}","","","","ifc. aṇ-°"
"avayajjhaï","","","","{\em apêkṣati}","","","","","Kumārapālacarita 7:26 avayajjhiūṇa"
"avayāsaï","","","","{\em ava + taṁsati}","","","","","Hemac 1958: 4,190"
"avayāsaṇa","","","","v.n. of avayāsaï (cf. Bollée 1994a: 130 s.v. avayāsa)","","","1309 (cty: {\em v̥rkṣâdīnām āliṅgāpanam})"
"¹avayāsiya","","","absol. of avayāsaï  Nāyā 88 b (Jaina Āgama Series, p. 90, 14) kaṇṭhā-kaṇṭhiṁ av° (cty {\em āliṅgya})"
"²avayāsiya","","","","{\em avataṁsita}","","5709 (cty: {\em balāmoṭikayā āliṅgito viṣannaḥ})"
"avayāsei ","","","","{\em avakāśayati}","","","4579 -into (cty: {\em avakāśamānaḥ -- sa-sneham āliṅgan})"
"avarajjuga","","","","{\em apara + dyus + -ka}, Pā. apara-jju","","","5554 (cty: {\em aparedyuḥ -- dvitīye divase})"
"avarāhi(ṇ)","","","","{\em aparādhin}","","2284"
"avaroppara","","","","{\em apara-s-para}","","5242"
"avavāiya","","","","{\em apavādita}","","3316 (cty: {\em āpavādika}), 3879 (do.)"
"avavāya ","","","","{\em apavāda}","","","315, 319, 321 (avavāyam-o), 822, 1659, 3908 (cp.), 4942, 5314, 6487 etc.","ifc. ussagg'-°; kappâ°"
"avavāy'-ussagga  a. +","","","","{\em utsarga} (schol. ad Pāṇ III,1,94)","","","3320"
"avasauṇa ","","","","{\em apaśakuna}  (Bollée 1994a: 130)","","","1546"
"avasārigā ","","","","{\em apasārika} (Schubring 1905: 39)","","","3502 (cty: {\em paṭālikā})"
"avaseya ","","","","{\em avaseka}","","","","ifc. khārâ°"
"a-vassa","","","","{\em a-vaśya}  1888 (cty: {\em a-saṁdigdha})","","","3151","","cty  ad 172 (p. 57,22) a-vassa--pavisiyavvaṁ"
"a-vaha\","","","","a + ?\","","","2368 (cty: {\em a-vyāpriyamāna} [not in MW])"
"avahanna","","","","[d.]","","","2633 (cty: {\em udūkhalaṁ; tatra bīja-kāyaṁ kaṇḍayantyaḥ striyaḥ ś̥rṅgāra-gītāni gāyeyuḥ tad-ākarṇane viśrotasikā samutpadyate})\footnote{In South Gujarat even today such songs called khayṇāṁ are sung. Some collections of them have been published (Bhayani, p.c.).}"
"avahiya","","","","{\em apah̥rta}","","5081"
"avahīriya","see ava(d)hīriya"
"a-vāiddha","","","","{\em a + vy + āviddha}","","288"
"avāuḍa","","","","{\em apâv̥rta}  (thus to be corrected in Bollée 1994a: 130), Pā. apâruta","","","2243, 2256, 2393 (cty: {\em vastra-rahita}), 2659 (cty: {\em vyapagata-tvac}), 3500 (cty: {\em apāv̥rta -- kuḍya-rahita}), 4801, 4808f., 5673, 5675, 5966","","ON 723 (cty: {\em a-prâv̥rta})"
"avāuḍiya","","","","{\em apāv̥rta + -ika}","","4399"
"avâya ","","","","{\em apâya}","","","89, 317 apāyāṇa (!) ya darisaṇaṁ (cf. Schubring 1962: §159 avāya-daṁsin ‘ready to allow extenuating circumstances’), 3039, 4548, 5276, 5645","ifc. āyâ°; daṁsaṇ'-°; bambhâ°"
"avāsa  syncope of","","","","{\em avakāśa}","","","3194"
"a-vikanthaṇa","","","","{\em a} + {\em vikatthana} ?\","","","241 (read: -katth°\?; cty : {\em nâtibahu-bhāṣī})"
"a-vigaḍiya","","","","{\em a + vikaṭita}","","3700"
"a-vigīya","","","","{\em a + vi + gīta}","","","695, 2945, 2962, 3012-3, 6228","","VavBh ud. 3: 2, 22"
"a-vigoviya","","","","{\em a + vi + kovida}","","3414, 3614"
"a-viccāmeliya ","","","","{\em a + vy + aty + āmreḍita}","","","288 (m.c. a-vicā-)"
"a-vidāriya","","","","{\em a + vidārita}","","808"
"a-vidiṇṇa ","","","","{\em a-vitīrṇa}","","","1497 (cty: {\em śayyātareṇān-anujñāta}), 1597, 3813, 3826, 4598, 5098, 5712"
"a-vibbhala ","","","","{\em a + vihvala}","","","3175 (cty: {\em a-mūrkha})"
"a-vimissiya","","","","{\em a + vimiśrita}","","3601"
"a-vireḍiya","","","","a + [d.]","","","3652"
"avilā","see  amilā","","","ts. (CDIAL, 887); --","","","","","PN 50 = ON 369"
"a-viha","","","","{\em a} + [d.]","","","3002 (cty: {\em an-adhvan})"
"a-vihāḍa  ","","","","{\em a + vighāṭa} (CDIAL, 11676)","","","2114 (cty: {\em bālaka siṁha})"
"avêya","","","","{\em apêta}","","6061 (cty: {\em uttīrṇa}; cp.)"
"a-vvahiya","","","","{\em a + vyathita}","","1344"
"a-vvāghāya","","","","{\em a + vyāghāta}","","4659 (cf. 4683)"
"a-vvāhaya","","","","{\em a + vyāhata}","","4683 (cf. 4659)"
"a-vvāvaḍa  ","","","","{\em a-vyāp̥rta} (Schubring 1905: 42 ad Kappa 3,31)","","","4764, 4766, 4768-9"
"a-vvāha","","","","{\em a + vyāha}","","263"
"avvo","","","","[d.], interiection\ (DEDR 273. Cf. CDIAL, 904: avvā; Tagare 1948: 352; Pi §366b ammo = {\em amba}. Cf. also Italian: mamma mia\ !)","","","6116"
"a-vvo(k/g)aḍa","","","","{\em a + vy + avak̥rta}","","","3646 (cty: {\em vyāk̥rta}), 4078, 4764, 4766, 4768, 4772","","ĀyārN 292"
"a-vvocchitti","","","","{\em a + vyucchitti}","","","135, 723, 1171, 1280 etc.","","OBh 127"
"asaï","","","","{\em aśnāti}","","198 (in popular etymology of āsa: {\em aśva})"
"a-saī̆","","","","{\em a + sati}  loc. sg. masc. of {\em sat}  ‘in the absence of’ (c. gen.). Cf. Schubring 1963: 236; Bollée 1994a: 132; frequently as a-saī ya (often written as -e) for which expletive addition cf. chac ca\ ? Thus, e.g., 1464, 1620, 1726, 2332, 3193 etc. Where the metre requires a-saīe I can only assume analogy or case contamination . PSM assumes a feminine {\em deśī} noun asaï related to {\em asattva} and  explained by a-bhāva. I have left a-saïe where a syllable is anceps.   Adelheid Mette in a p.c. proposes to consider it a loc. of a-saï ~ {\em a-sak̥rt} used as an adjective","","","1078, 1502, 2076, 2942, 2987 et passim","ifc. annâ°","VavBh ud. 6: 283"
"a-saī--kāla","","","","{\em *a-satī} + ts.","","","4560 (cty: {\em asat-kālaḥ -- adyâpi deśa-kālo na bhavati})"
"a-saṁkhaḍa","","","","{\em a + saṁsk̥rta}  547, 1264 (cty: {\em kalaha}), 1508, 1522, 2229-30, 3160 etc.\\ a-sauṇa  {\em a + śakuna}","","","2291-2"
"a-saṁcaïya","","","","{\em a-saṁcayika}","","6005"
"a-sajjaṇā","","","","{\em a + sañjaṇā}","","4959"
"a-saḍha","","","","{\em a + śaṭha}","","3182, 4967"
"a-saḍha-bhāva","","","","a. + ts.","","","1231 (cty: {\em māt̥r-sthāna-rahita}), 1603 (cty: {\em kaïtava-varjita}), 1862, 4306","","PN 340"
"asaṇiya ","","","","{\em aśana + -ika}","","","","ifc. laliyâ°"
"a-saṁṇi(ṇ), a-saṇṇi(ṇ) ","","","","{\em a + saṁjñin}","","","54, 1911 (cty: {\em mithyā-d̥rṣṭi}), 2570, 2576, 4271, 4691ff., 4995"
"a-saṁthaḍa","","","","{\em a + saṁst̥rta}","","5785, 5817"
"a-saṁthaḍiya ","","","","a. + {\em -ika}","","","5807, 5817"
"a-saṁdiddha","","","","{\em a-saṁdigdha}","","285"
"a-saṁdhima","","","","{\em a + saṁdhi + -ima}","","5968"
"a-sanni","see a-saṁṇi(ṇ)"
"a-saṁpa","","","","apocope of mext\","","","2407"
"a-saṁpāima","","","","{\em a + saṁpāta + -ima}","","2401 etc."
"a-saṁpuḍa","","","","{\em a + saṁpuṭa}","","6325"
"a-saṁphara ","","","","{\em a + sam + sphara}","","","3865 (cty: {\em a-saṁv̥rta})"
"a-saṁphura","= prec.","","","","","","3907"
"a-sabbha","","","","{\em a-sabhya}","","753, 5751"
"a-sabbha--vakka ","","","","a. + {\em vākya}","","","3017"
"a-sabbha--vayaṇa ","","","","a. + {\em vacana}","","","3700"
"a-samaṇunna ","","","","{\em a + *samanujña}  (Bollée 1994a: 365)","","","1263"
"a-saṁloya","","","","{\em a + saṁ + loka}","","443"
"a-saṁsaṭṭhiellaya","","","","a + s.","","","1744"
"a--s'-ahīṇa","","","","{\em a + svâdhīna}","","","3552, 3564-5, 4560"
"a-sahu ","","","","{\em a-saha}","","","2901 (cty: {\em a-sahiṣṇu})"
"a-sāraviya","","","","{\em a} + ppp. of ¹sāravei","","","570"
"a-sâriya","","","","{\em a + sâgārika}","","4396, 5967"
"asi(ṇ) ","","","","{\em *aśin}","","","","ifc. thovâ°"
"a-siva ","","","","{\em a-śiva}  ‘a demon’ (MW)","","","5553, 5562 (cty: {\em aśiva-g̥rhīta}; see chevaïya)"
"Asivôvasamiṇī  ","","","","{\em Aśiva + upaśaminī}   (a type of drum; see Haribhadra ad ĀvN 135, p. 98; Jain 1984: 103)","","","356 = VisBh 1476"
"asura","","","","ts.","","","2833"
"a-suvaṇa","","","","{\em a + svapana}","","2203"
"Asoga","","","","{\em Aśoka}","","292"
"Asoga-siri(ṇ) ","","","","A. + {\em śrī}","","","294"
"a-soya","","","","apocope of next","","","5245"
"a-soya-vāi(ṇ) ","","","","{\em a-śauca + vādin}  (Sen 1975: 311)","","","4818, 4820, 4823"
"a-(s)āya","","","","{\em a + śāta}","","1200, 3464"
"assāya","","","","{\em āsvāda}","","6003"
"assiga","","","","{\em āśvika}","","3960"
"a-(s)soya-vāi(ṇ)","","","","{\em a + śauca + vādin}","","423, 427, 464, 466 etc."
"aṁsa ","","","","ts.","","","ifc. caur'-°"
"aṁsiyā","","","","{\em amśa + -ikā}","","1092, 3644, 3651"
"aṁsuga ","","","","{\em aṁśuka}","","","","ifc. cīṇ'-°"
"aha ","","","","{\em adhas} (Bollée 1994a: 134)","","","675"
"ahagaṁ","","","","{\em ahaṁ + -ka}","","2952"
"a-hanna","","","","{\em a-dhanya}","","2349 (cty: {\em nirbhāgya})"
"ahara","","","","[d.] (Deśin","","","1, 17\ ?); --  4525 (cty: {\em adhara -- ātyantika})"
"ahavaṇa","","","","(always at the beginning of a {\em pāda})\ {\em athavā} + expletive suffix -ṇa","","","698, 960, 1610, 1929 etc."
"ahâḍa ","","","","{\em yathā + k̥rta}","","","3671 (cty: {\em parikarma yatra na bhavati, tad yathā-k̥rtam})"
"ahā-bhadda(ga) ","","","","{\em yathā + bhadra(ka)} (Sen 1975: 213 ‘devoted to his religion’)","","","1926, 1994, 3080, 3793, 3804"
"ahârāiṇi ","","","","{\em yathā + aratni}  (Schubring 1905: 61)","","","4313"
"ahā-landa","","","","{\em yathā} + [d.] (SL., §147; Caillat 1965: 52)","","","1131, 1283, 1425 etc.","","Āyār 2,2,3,3"
"ahā-landiya  a. +","","","","{\em -ika} (Schubring 1966: 73)","","","1445, 1472, 1511, 2022; -- Pravac 613, 615-6, 628"
"ahā-lahusa(ga)  a. +","","","","{\em laghu + śas + -ka} (Caillat 1966: 60-1)","","","1016, 6040, 6042, 6044, 6236, 6340"
"ahi","","","","ts.","","","3755, 3809, 3833, 3863 (cp.)"
"ahikaya","","","","{\em adhik̥rta}","","3292"
"ahikkhāya\ (not in PSM)\ ","","","","{\em adhi(ka) + khāda}","","","","ifc. aṇ-°"
"ahigatara","","","","{\em adhika + -tara}","","550"
"ahigāri(ṇ)","","","","{\em adhikārin}","","6132"
"ahicchiya","","not in PSM","","{\em abhîpsita}, Pā. abhicchita","","","3930 (cty: {\em atha (...) iṣṭaṁ})"
"ahijjaï/ae","","","","{\em adhîyate}, pass. of {\em adhyeti}","","728 ahijjamāṇāṇaṁ (cty: {\em adhīyānānām [...] adhyāpayatām}), 746 (cty: {\em adhîte}), 5407"
"ahiṭṭhiya ","","","","{\em adhiṣṭhita}","","","","ifc. attâ°"
"ahi-ḍakka ","","","","ts. + {\em daṣṭa}","","","954"
"ahi-bila","","","","ts. + ts.","","","591"
"ahimara","","","","{\em abhimara}","","1238, 2779, 3120"
"ahiya ","","","","{\em adhika}","","","3218 (cty: {\em atirikta})","ifc. māṇâ°"
"ahiya-vāya ","","","","{\em a-hita + pāta} (?)","","","2240 (cty: {\em adhikam -- atyartham a-hite vā narakâdau pātayantîti adhika-pātā a-hita--pātā vā})"
"ahiyāsa","","","","v.n. of ahiyāsaï, Pā. adhivāsa (Pi §341)","","","2358 (cp.)","ifc. aṇ-°; dur-°"
"ahiyāsaï, -ei","","","","{\em adhivāsayati} (Oberlies 1993: 28; Meyer 1909: 131 n. 2)","","","","","Āyār 1,6,3,2; Sūy 1,2,1,13 etc."
"ahilaï","","not in PSM","","syncope of {\em abhilīyate}","","","2348, 2932 (cty: {\em samāgacchati})"
"ahivaï ","","","","{\em adhipati}","","","","ifc. gaṇâ°"
"ahivaḍaï","","","","{\em abhipatati}","","1751"
"ahisakka","","","","apocope of ahisakkaṇā","","","1600 (cp.; cf. OBh 216), 3450 (cp.)","ifc. osakk'-°"
"ahisakkaṇā ","","","","{\em adhi + *ṣvaṣkaṇa} (Bollée 1994a: 167)","","","1653 (cty: {\em abhiṣvaṣkaṇa}), 1675 (do.), 1681, 2641","ifc. osakk'-°"
"ahisamecca","see a(b)hisamecca"
"a-hiṁsā","","","","ts. (Bhatt 1994: 80ff.)","","","3934, 4576 (cp.)"
"ahîyaï","","","","{\em adhyeti}","","5699 ahijjau  (cty: {\em adhîtām})"
"ahe-kamma","","","","{\em adhas + karman}","","5342 (split cpd), 6375"